attendance_pct,assignment_completion,avg_grade,sleep_hours,social_activity,physical_activity,stress_survey,missed_deadlines,library_logins,lms_time_hours,risk_score,burnout
82.45071229516849,97.98710873172004,54.87232587538428,3.6382886631839133,3.0,2.0,7.0,5.0,18.0,0.0,70.18,1
72.92603548243223,88.49267365825537,62.83221993926723,5.209422483830747,2.0,1.0,6.0,6.0,2.0,9.516379499539761,67.39,1
84.71532807151038,71.19260739840348,53.11370118500058,5.879591699867533,5.0,1.0,10.0,7.0,10.0,10.848479623017168,76.08,1
97.84544784612038,57.061264445888526,60.38057705541439,9.331531486010284,5.0,3.0,5.0,6.0,6.0,4.256406327119002,33.93,0
71.48769937914996,83.96446627227179,36.59577999569321,7.334829686800637,1.0,4.0,1.0,0.0,16.0,5.849332947097703,26.63,0
71.4879456457623,77.86970770843499,68.19940561059408,4.4967776463501625,1.0,1.0,2.0,7.0,8.0,14.81356048031892,62.59,1
98.68819223261087,87.90386440055465,65.01808213043337,7.229054434126455,3.0,3.0,8.0,5.0,8.0,10.58840879850888,52.52,1
86.51152093729362,82.70343603363939,52.74367053397714,4.179044016592451,2.0,5.0,1.0,0.0,9.0,2.4566150536867957,33.54,0
67.95788421097572,90.9910543063867,74.88868502648607,8.12403658083061,4.0,3.0,3.0,4.0,12.0,12.249149588775657,27.42,0
83.13840065378947,59.29529576878864,79.06355206439838,5.793313022273182,1.0,3.0,2.0,3.0,14.0,5.34740584010816,43.12,0
68.04873460781306,96.34788131268651,40.88660203446538,6.359545716891244,4.0,3.0,5.0,1.0,4.0,6.126187835866759,39.35,0
68.01405369644614,73.95199209384799,53.55912832150679,8.488694971313285,4.0,2.0,4.0,7.0,2.0,10.98828696340399,45.34,0
78.62943407349051,100.0,53.46286475319053,4.569254647123625,2.0,3.0,7.0,1.0,7.0,10.522450138095676,57.18,1
46.30079633013303,56.21624363820864,50.90145348336703,4.404322722330513,3.0,3.0,5.0,0.0,19.0,7.986967294205842,61.26,1
49.12623251230451,100.0,77.44212262897622,5.624601010480992,2.0,2.0,8.0,6.0,9.0,7.478953127090735,74.83,1
66.5656870613854,73.95821566925295,62.09260791840795,8.057568276528976,1.0,2.0,4.0,4.0,12.0,8.746004806375275,46.58,0
59.80753319498364,56.97163992771103,61.03227738034084,4.220980886784736,4.0,5.0,6.0,2.0,2.0,6.097032534636835,64.16,1
79.71370998892911,60.32228331891357,34.9420645338987,3.0,2.0,4.0,4.0,2.0,7.0,15.445061258887712,66.55,1
61.37963886718184,63.5930538361136,74.53127045313839,5.823261712386502,2.0,1.0,2.0,1.0,8.0,2.154031504957671,39.2,0
53.81544447997062,78.48331892803833,46.41112407719791,7.32761119986638,2.0,1.0,1.0,3.0,11.0,8.795607027133373,36.79,0
96.98473153382331,80.45670976071,65.89898945399493,8.300392624608243,1.0,3.0,1.0,1.0,10.0,2.7029746331072557,14.63,0
71.61335549270197,58.52599992122842,69.16065406937288,5.805257956871902,3.0,5.0,8.0,0.0,1.0,14.680008736392608,56.69,1
76.01292307031886,69.51290815478035,85.40987893757976,5.882860089325996,2.0,3.0,4.0,3.0,17.0,8.788448330065126,46.49,0
53.62877720679815,100.0,45.367694013213324,8.230851101383621,1.0,1.0,5.0,2.0,8.0,4.716657035594437,44.23,0
66.83425913212226,100.0,20.0,3.6953874504568693,4.0,2.0,8.0,6.0,1.0,13.42523813130843,82.73,1
76.66383884564799,78.72647339348065,67.75774317130542,5.917218837225486,5.0,4.0,7.0,4.0,1.0,0.0,53.01,1
57.73509633866546,70.760069563364,92.0076677226628,6.785635834887587,1.0,5.0,8.0,7.0,2.0,11.40442012569494,76.55,1
80.63547027518509,72.40062653436523,83.58419529409156,7.173828081927551,5.0,2.0,8.0,4.0,15.0,15.756445942688735,48.59,0
65.99041965121792,82.27035945460833,68.14489122911938,5.735289960213676,2.0,4.0,6.0,0.0,18.0,10.897717789313896,48.79,0
70.62459375310085,49.54414869603189,57.62545721551929,6.551661517558762,2.0,5.0,10.0,1.0,3.0,7.4674477660795855,70.85,1
65.97440081655904,64.8524692515331,77.10683894955966,3.0,1.0,5.0,2.0,0.0,17.0,3.7890901909531385,51.63,1
100.0,36.62831852244821,50.39680700443297,5.512627381499227,5.0,1.0,6.0,7.0,19.0,15.412573177112538,65.32,1
74.79754162893099,77.98446245210559,72.14536654034329,7.180263068831701,2.0,2.0,1.0,4.0,17.0,14.637109288211505,31.48,0
59.13433606566149,82.94391879405482,72.5820523874994,5.02655894861798,4.0,5.0,1.0,7.0,9.0,6.773190845544894,48.24,0
87.33817368154783,60.33627075401252,80.90314861248319,6.5884763323843964,3.0,5.0,3.0,2.0,10.0,6.9068124319523605,32.52,0
56.68734525043467,100.0,100.0,7.170308751204047,3.0,4.0,3.0,4.0,16.0,15.933835501133252,32.48,0
78.13295392507133,45.484686739953176,70.88623950768151,5.986176198713353,2.0,1.0,5.0,3.0,19.0,12.658065733942722,56.51,1
45.60494814180336,40.7125023958036,57.36554561438752,6.755695656494856,5.0,3.0,1.0,6.0,15.0,1.067078301446271,47.7,0
55.07720926652354,74.48903637119945,64.61638531712008,5.055901152073082,2.0,1.0,10.0,7.0,19.0,9.021487976485039,94.37,1
77.95291853803685,90.94196605224309,38.46386142666323,6.19008308045593,5.0,3.0,6.0,6.0,12.0,8.837217761110848,55.29,1
86.07699869993115,100.0,54.579303033664125,7.415324254383834,4.0,2.0,7.0,5.0,1.0,11.238172363148024,46.84,0
77.57052421784955,60.8223147426212,58.86076342830344,6.735459441452651,5.0,2.0,10.0,4.0,1.0,10.030230079676526,65.71,1
73.2652757641764,91.57361666862592,57.138674030981115,5.620203095654096,2.0,5.0,3.0,4.0,13.0,7.436444191138907,47.32,0
70.48344456616067,69.22983060998585,67.28532308050583,6.8363246064361896,4.0,2.0,4.0,6.0,3.0,10.89179826179939,48.9,0
52.82217014448859,66.54745400118361,52.66370101426699,7.571914685954927,1.0,5.0,10.0,5.0,16.0,7.7611116857664015,82.64,1
64.20233687407936,87.67319874973344,81.81546000986707,3.425088082133783,3.0,1.0,10.0,3.0,12.0,27.070935129900292,79.91,1
68.09041843560318,83.0464575682684,65.00310597377296,8.238611097433846,2.0,2.0,10.0,1.0,3.0,10.613639505067681,55.11,1
90.85683339328374,38.47215686031501,64.86049518292079,5.995617891978392,2.0,1.0,10.0,7.0,2.0,9.926502654354989,87.84,1
80.15427434352692,99.53080699451792,60.081579252306234,7.138234899860345,2.0,1.0,10.0,7.0,11.0,19.214037791557814,73.19,1
48.554397669558995,97.60182708294903,67.32786025788468,8.295870385467842,4.0,2.0,3.0,4.0,7.0,3.1782830327784826,31.26,0
79.86125954092192,57.488745969809415,77.37647397001452,4.442489454154301,1.0,1.0,1.0,6.0,1.0,9.450135629582592,56.42,1
69.22376579375525,77.91607066874818,51.9930467643365,5.43583849635868,5.0,2.0,8.0,0.0,5.0,5.251984564978633,51.79,1
64.84616999541062,79.88060372565478,55.12825266387115,6.067176956186443,1.0,2.0,10.0,4.0,9.0,13.175050282550444,81.11,1
84.17514433261302,75.21347531647814,60.44410956835003,5.324369718313358,4.0,2.0,10.0,0.0,11.0,7.528252589109336,58.94,1
90.46499283743927,58.9938969230916,44.811936147901775,9.102404863755213,2.0,3.0,2.0,3.0,9.0,12.900468675998738,26.81,0
88.96920178674299,56.56753264123897,52.71113210417754,5.214841859259811,3.0,1.0,1.0,4.0,9.0,12.540254992172713,42.05,0
62.41173715166042,69.48891858017109,57.85668689683011,5.6666798307697,2.0,4.0,8.0,7.0,2.0,13.901861309950371,83.41,1
70.36181436223178,93.45458038518728,78.11583771069091,6.806583547404465,5.0,2.0,7.0,6.0,19.0,12.62259396260978,51.63,1
79.96895147105346,80.87200309188864,68.93841993502888,4.696775710885866,3.0,1.0,7.0,3.0,9.0,8.879803030724917,60.74,1
89.63317690683539,62.58771335827788,67.90384867051317,5.906478932365604,2.0,5.0,4.0,3.0,8.0,3.0117364661550656,46.98,0
67.81238643232065,85.43397421296689,77.76346943251959,6.976179891875263,3.0,2.0,9.0,1.0,19.0,15.045424705066317,52.08,1
72.21511535004274,13.02914758739849,62.93942317400905,6.000709393426233,1.0,2.0,6.0,4.0,18.0,17.045137123325784,75.75,1
58.40497538990958,92.97531400744207,70.85697274893334,6.359919711650077,4.0,4.0,2.0,0.0,13.0,5.310658443541979,22.8,0
57.05690063878994,35.20572442443801,63.451673706012556,5.706001831327444,2.0,3.0,1.0,0.0,1.0,13.679386808063438,41.22,0
87.18788733591298,62.751181171937354,68.98043524099442,4.22829453622885,5.0,3.0,1.0,4.0,4.0,4.148186262072068,37.71,0
95.34360042856234,47.60660210747712,56.25862013582627,6.982389817008858,1.0,2.0,9.0,5.0,19.0,11.017160873809487,74.13,1
73.91984817629499,44.106370485581884,28.417742625853563,9.132399607470862,2.0,1.0,4.0,1.0,7.0,12.047102431041653,38.33,0
90.05299346838036,93.21653574757039,62.985812567205436,6.527602446175157,1.0,5.0,5.0,1.0,6.0,7.86890113097663,39.32,0
80.42454037571451,60.64597597376218,86.3412220414991,6.837896175871324,5.0,5.0,3.0,1.0,5.0,10.475357184465382,23.05,0
65.32320368092314,76.93007763461432,78.89323103362389,7.539084132675289,2.0,1.0,4.0,0.0,10.0,14.241015857486078,31.25,0
80.4209340826262,69.06158842241632,79.48096226886756,4.596004255179951,5.0,2.0,8.0,3.0,11.0,9.452917473744947,59.91,1
98.07054849698955,79.54081654446243,83.54196082709326,9.05377198719441,3.0,5.0,4.0,6.0,17.0,6.624312477199011,29.25,0
74.46260941335073,71.53643782120511,66.32986386442155,6.803493194634203,5.0,3.0,9.0,5.0,18.0,3.881103936138306,61.85,1
98.4696548372101,44.340155516228606,67.95973561108393,8.947785348633664,3.0,1.0,9.0,7.0,9.0,8.04617816872795,62.33,1
35.703823438653835,89.9253363889428,55.73522156848475,5.400450506714016,2.0,4.0,6.0,1.0,13.0,4.126392093954555,61.47,1
87.32853756562835,60.12486833677375,60.25890715959425,9.227092883836736,3.0,2.0,2.0,0.0,2.0,8.1130798918028,12.31,0
76.30570602357257,38.86836202680498,74.23656724656712,7.662733241052175,2.0,1.0,10.0,0.0,17.0,7.673787682852057,60.43,1
70.51488974301199,61.43769678068175,83.05826655753225,7.329560128778538,2.0,5.0,7.0,7.0,14.0,14.020524849812602,66.76,1
76.37641164803253,100.0,62.90830586478501,6.851036681529722,4.0,2.0,9.0,3.0,5.0,10.367375081051554,52.88,1
45.18646628098661,87.00443484226986,58.24716102722883,6.127207072888326,2.0,3.0,6.0,7.0,9.0,22.73629844858596,73.77,1
71.70492168243732,63.026957311842814,65.00791938284895,8.30079748771081,3.0,2.0,3.0,4.0,11.0,0.0,35.74,0
80.35668857267619,63.014845913631426,74.01810123393672,6.71053980477207,4.0,2.0,7.0,4.0,6.0,11.566857158593901,53.33,1
97.16841067112274,63.56729897565235,43.34217775799687,3.5493954446192717,4.0,3.0,5.0,6.0,16.0,7.742218572502443,67.54,1
67.22594672589528,100.0,30.557285702941428,4.8242203074394965,2.0,3.0,1.0,7.0,0.0,5.21979689757777,56.19,1
62.87259595660218,77.63870904463107,56.74194725762625,6.221231371710879,5.0,2.0,3.0,6.0,17.0,9.85115252711915,46.76,0
67.47364434623195,78.60083294382139,46.689313611287616,6.964998474748333,5.0,3.0,5.0,1.0,14.0,9.476915338195198,36.12,0
88.73103176553111,90.60566908063684,57.37789703529034,6.415117266650157,4.0,1.0,7.0,6.0,18.0,15.38906408673016,55.71,1
79.93126664489526,74.77578318053027,62.78329521773793,8.328456184690495,2.0,3.0,3.0,1.0,0.0,10.456292234015013,25.45,0
67.05359694349441,64.81915708358594,58.2012738646548,3.573347203942063,5.0,3.0,6.0,5.0,4.0,6.535992061406157,70.49,1
82.69901149670034,66.07300301830044,86.78701301706118,6.7153819047577405,2.0,2.0,5.0,6.0,14.0,11.671052818501602,54.2,1
76.4561632402206,68.56797481171873,69.90117146903481,3.773031161919268,2.0,1.0,1.0,3.0,2.0,8.851742181442411,47.45,0
89.52967485799334,69.25555526980317,69.50711539416243,7.639568443226253,4.0,4.0,10.0,1.0,0.0,4.372607274396466,48.78,0
64.46920359183972,84.5525908727396,74.33310716065102,6.358311928336996,4.0,4.0,6.0,3.0,7.0,8.757273152436118,47.66,0
70.08506780103347,71.03891771614599,47.917503233288464,7.129414958036177,1.0,5.0,8.0,0.0,11.0,11.154710387033443,57.14,1
69.11837770301764,84.65280154431159,80.58667681130403,5.204175559115351,5.0,3.0,1.0,1.0,18.0,10.361412151160733,22.1,0
53.04727577801822,68.38566839782835,63.863535701968104,8.419197397486627,5.0,3.0,2.0,0.0,11.0,11.651565273159411,16.76,0
79.44180415596864,71.57270380632181,75.05720925861819,8.062586996088276,5.0,1.0,4.0,2.0,12.0,7.367573954964042,23.69,0
78.91582908269834,30.035986309357845,48.92214150439767,7.375316454517831,3.0,4.0,2.0,3.0,0.0,11.588059807169717,40.62,0
75.07670184963692,88.32655349404963,41.693618509759034,6.3057241297048385,2.0,5.0,9.0,2.0,18.0,10.600579064087079,64.55,1
71.4811929993728,76.92976951795985,77.26834487037543,7.369785927942698,4.0,1.0,10.0,1.0,5.0,10.641146918867715,51.97,1
53.769438869243785,89.96020219719304,70.64614289146274,5.439661148018977,5.0,3.0,8.0,0.0,7.0,10.161782764133434,50.42,1
68.69032015851961,12.074892436126213,51.46922668463735,7.783333488531068,1.0,4.0,8.0,1.0,3.0,20.88046605117982,68.57,1
69.85928225209845,100.0,51.95505378087958,8.974221341485881,5.0,5.0,4.0,2.0,4.0,15.550631219000344,19.27,0
62.96584096167572,67.20820743689653,81.88152176622154,8.10591583996878,2.0,2.0,5.0,7.0,6.0,11.476958784643163,55.7,1
72.58071432500986,92.16365633475033,47.15882160699008,5.405596295288886,2.0,4.0,4.0,7.0,3.0,5.998963615758915,63.07,1
81.06076285221808,49.20188145748938,89.64009429883944,7.042125975909654,4.0,5.0,9.0,1.0,19.0,8.538337501217681,50.89,1
100.0,82.2554781012514,51.49068898028197,4.560287684362028,3.0,1.0,2.0,5.0,3.0,18.078940755741694,44.63,0
77.61866719247759,48.93168873652688,74.57587888412574,7.358585466763514,4.0,2.0,8.0,4.0,14.0,7.18531268583248,57.54,1
78.86325586084146,57.5246207860839,60.07072286376523,7.175905119293808,5.0,5.0,2.0,2.0,4.0,9.171351834322673,25.34,0
73.8833112635075,100.0,74.04781146623515,3.695275490701754,1.0,5.0,1.0,1.0,8.0,8.892983371927958,38.5,0
46.21843177051438,66.18635198473307,56.838289968287114,4.757324234131454,4.0,3.0,10.0,0.0,1.0,11.83943638579258,73.74,1
74.60229186826174,74.34865746359446,62.558106408915584,6.075291654884349,3.0,4.0,3.0,1.0,6.0,7.8167676135728446,35.25,0
75.90345314911539,87.40135461377508,65.61378763093582,6.04871037928876,4.0,3.0,9.0,7.0,16.0,10.884290040741277,71.28,1
100.0,79.91363775945209,49.96718816327791,4.685784596871792,2.0,2.0,3.0,0.0,15.0,7.92841552674188,36.63,0
72.11458552828316,73.00837810287153,76.11236518130188,7.083468094028276,5.0,5.0,9.0,4.0,16.0,16.57255349765866,56.23,1
79.52321013500419,77.2992200493245,57.30179650292622,6.8772104134107686,5.0,3.0,7.0,1.0,19.0,6.568611877830032,40.25,0
74.47932345442135,100.0,61.571001269899725,6.2085963020322215,5.0,4.0,10.0,6.0,1.0,14.888224223942178,66.89,1
57.46982943570702,68.8476240593283,50.08475938087231,5.366312749762455,5.0,2.0,1.0,7.0,10.0,7.0743207183816725,50.17,1
92.14234221772531,74.02198093429935,26.564995118070343,8.073060689624846,5.0,1.0,10.0,6.0,1.0,5.73126836059629,63.57,1
86.27899549030161,91.01308792015224,62.13458356099746,8.983110669632442,5.0,3.0,5.0,4.0,0.0,6.49603626755039,25.44,0
86.8654792056457,92.11051865915968,100.0,5.774657774230194,1.0,2.0,9.0,2.0,1.0,1.4428213648262282,57.7,1
61.35918817807892,93.7406061112076,76.76906431847036,5.581749624267768,3.0,1.0,3.0,0.0,8.0,12.192992231921533,31.99,0
96.04191466404149,82.77460444058369,64.71109430398408,7.236811498117994,5.0,3.0,9.0,6.0,1.0,4.180119452384479,55.23,1
53.97223405811579,47.13990174539033,61.05663756187599,5.962955930379521,3.0,2.0,5.0,5.0,14.0,8.21040236203697,66.89,1
83.80285640700406,100.0,65.3369883921807,6.290904199005149,5.0,2.0,9.0,2.0,9.0,13.808107987993816,47.42,0
100.0,47.07309213962624,73.20678672762816,7.609479727587007,4.0,3.0,10.0,0.0,14.0,13.646763398723174,47.18,0
60.14195512303968,76.05270930478066,47.28780777036732,3.635965868739061,5.0,2.0,6.0,7.0,9.0,2.841705420013671,77.35,1
66.50553405595842,54.914482999612844,81.71482542003308,8.477453487279003,2.0,5.0,9.0,7.0,16.0,11.552717899654688,71.57,1
76.49477047631461,68.71723306814015,75.73071973161866,6.609020786494012,1.0,3.0,7.0,7.0,8.0,15.702469911541279,71.55,1
67.44786518825701,76.5752482060696,75.77278588561902,5.882760283156729,4.0,2.0,7.0,4.0,17.0,6.81578544905068,57.75,1
51.74004853400801,76.42714430900546,71.57713608214591,6.366148768667826,4.0,1.0,8.0,6.0,3.0,12.567866640009147,70.02,1
76.0284446220904,78.4384150847057,65.29424986540985,6.443644032530778,2.0,1.0,7.0,7.0,8.0,4.283601971027304,69.09,1
59.06544429410843,100.0,75.09291853950229,3.903198044832612,5.0,5.0,9.0,3.0,15.0,11.92828476618495,67.24,1
82.10388645952773,79.0706860302796,73.87721200612067,8.742407341179854,1.0,3.0,9.0,7.0,3.0,10.65635680664829,65.64,1
61.20863648649295,65.11686729418703,59.68938933588464,6.561988448405928,4.0,2.0,6.0,1.0,15.0,13.305734779127263,47.54,0
98.24901607526309,89.28174336576714,56.39597340654649,7.164503195671063,1.0,2.0,7.0,4.0,18.0,12.995730434443526,52.97,1
63.251200614956446,93.78940977849281,66.5278444289298,7.927324655861064,4.0,1.0,2.0,0.0,0.0,3.232581952244238,14.17,0
70.16907725691486,45.447843697260154,88.23530227242782,4.96825631365955,5.0,5.0,9.0,0.0,5.0,10.682766203720963,59.01,1
87.20275826054504,81.94800139699716,46.41339386519149,7.210207848552843,4.0,1.0,1.0,0.0,9.0,17.26456822136936,13.14,0
56.53703525349067,84.02345484621796,42.9871210137134,6.09853836365181,4.0,1.0,1.0,0.0,15.0,0.0,26.58,0
78.41189901906193,64.04872993280016,67.47141261854775,7.77015616282474,3.0,5.0,3.0,1.0,3.0,14.834630569310328,27.08,0
94.60714131423643,97.51413626623238,65.76331552784028,3.309158869472757,5.0,3.0,6.0,2.0,12.0,18.00852549814544,48.07,0
50.88775148158159,66.99888825934947,67.60012496555612,6.351358549638096,2.0,2.0,5.0,5.0,15.0,2.5768223975759916,63.74,1
77.76950787798457,72.51152906943085,68.6592979686275,5.595769016324057,2.0,3.0,2.0,3.0,19.0,6.646504644262608,41.35,0
78.89824191372635,66.5385635143226,61.65196618047792,7.148394425951233,5.0,4.0,9.0,1.0,5.0,12.588716609752659,48.61,0
86.72734307665965,70.31158095162935,87.34795157903123,7.205066281052304,2.0,4.0,10.0,0.0,10.0,5.569374420931796,51.79,1
56.44573933682877,48.074498262095965,40.98644032285227,5.43856115776696,5.0,4.0,4.0,1.0,2.0,16.822895918226813,49.58,0
55.193150803735854,41.198982348114114,52.57254462829631,5.431739203735935,2.0,5.0,4.0,4.0,19.0,15.294481328780355,67.71,1
82.82912348425347,100.0,63.45117859776429,6.334001947164006,3.0,1.0,5.0,5.0,9.0,3.075183802284408,46.72,0
79.45477009849779,53.060773033633446,40.35216783268749,5.155036659027187,2.0,3.0,8.0,0.0,0.0,6.284709500344936,66.48,1
78.75739275518815,50.172153010873856,62.362183933518935,7.76297554317819,4.0,2.0,10.0,3.0,19.0,13.849184109175107,61.85,1
80.19672314245463,26.932197727925704,89.92205248592028,5.946189199328831,5.0,4.0,4.0,0.0,10.0,13.65329701373664,34.87,0
64.79962917632264,57.220765046209955,65.31329732443943,3.0,1.0,3.0,5.0,5.0,11.0,21.092200176515192,82.47,1
78.48380545741506,43.53820413185004,68.46051358578025,5.937766915067291,1.0,4.0,4.0,3.0,13.0,5.6005889727525915,56.41,1
79.39608709948021,100.0,46.097528522411295,4.942184268734041,5.0,4.0,6.0,5.0,7.0,17.296089197359954,55.21,1
64.28472872960448,90.19634178685268,55.75457887940784,4.053086276808582,3.0,2.0,3.0,3.0,10.0,5.430430276182151,51.92,1
100.0,56.236993096445524,59.37205429514094,4.643860042666141,2.0,5.0,8.0,2.0,3.0,12.501604662279357,66.41,1
82.10749381367681,100.0,60.23427354865649,6.664112707749455,3.0,1.0,6.0,6.0,6.0,14.46171220779742,52.79,1
57.13044754196027,89.63530973983188,84.22465692505654,8.492961242372347,1.0,5.0,10.0,2.0,9.0,0.0,58.41,1
84.84830412950744,63.50337232982755,73.36536591087687,6.96977671079747,5.0,3.0,5.0,1.0,18.0,14.556031490413911,30.72,0
60.379774946590175,20.011885702528538,48.32813064594452,5.59024491767639,5.0,5.0,2.0,1.0,3.0,16.922848455246932,44.3,0
86.80626905613678,100.0,68.69757167648007,7.1838562927560545,3.0,3.0,10.0,7.0,1.0,15.47940876736871,66.86,1
92.37893368511106,42.20855066472808,72.47332622745178,5.811364534671513,3.0,3.0,10.0,3.0,17.0,20.266694050388384,71.36,1
62.68976522472434,37.09202506086216,82.102235577819,5.458099446255283,2.0,1.0,7.0,7.0,13.0,14.825886417529452,83.22,1
89.45064193866483,90.45140864019281,88.70811029852561,4.768455997650523,4.0,2.0,2.0,7.0,15.0,7.313974493237428,41.98,0
81.19171390404748,100.0,49.77358712258197,3.8722567898724214,4.0,1.0,1.0,0.0,10.0,16.19505567207639,27.34,0
87.33090239991735,97.68545637021036,52.83713733184493,5.915114440160832,2.0,5.0,7.0,6.0,9.0,7.030168597222923,63.89,1
100.0,81.27818240104719,46.136332116280755,6.737080234880198,4.0,3.0,5.0,4.0,16.0,10.412089624729893,40.71,0
71.31917825995694,81.89508683330573,61.48970211339528,6.355064494977666,1.0,4.0,1.0,4.0,13.0,14.15891636700618,40.36,0
63.693957534637654,87.06831117560615,71.99537561669501,5.876049608078962,4.0,4.0,4.0,0.0,3.0,12.24040412073355,32.99,0
61.65728355561715,85.17857179573531,79.81001774883653,5.081380908954828,2.0,3.0,4.0,0.0,18.0,16.755659959250817,42.76,0
62.762845725518424,75.62382847938751,63.86073464536216,7.4123692875274525,4.0,1.0,10.0,2.0,1.0,22.44337347919384,59.27,1
73.84347435878844,72.08402207903752,60.202287151177345,4.524302120080122,5.0,2.0,7.0,4.0,6.0,4.313180290243002,63.22,1
80.11727962224965,68.74813744200955,67.2763698837311,7.664041870765213,3.0,1.0,9.0,3.0,8.0,8.358319405951562,56.51,1
79.15036198995028,54.92070822266648,52.472856475549655,4.9966744716099125,1.0,3.0,2.0,5.0,18.0,11.581891812811548,59.09,1
87.40774873554035,64.38649846266452,96.3430808254216,5.371347143970448,5.0,3.0,1.0,7.0,15.0,7.684045283466293,36.5,0
75.1950283781686,36.14086371609229,40.885084593229124,4.299822214076484,5.0,2.0,2.0,1.0,15.0,9.621468657510507,44.95,0
96.80301115735975,68.033207464105,67.77110868343587,5.747896779671545,2.0,5.0,7.0,7.0,17.0,13.879098031375342,69.09,1
71.03014750143066,50.22817785698165,95.35409328844459,7.962968687716968,3.0,5.0,10.0,7.0,10.0,13.214541656833834,72.91,1
100.0,47.92821365568458,65.10199766839996,7.273442132665934,3.0,2.0,6.0,5.0,6.0,11.236663651529419,51.94,1
84.3850102164751,73.59788302306957,62.14941447497758,7.9676331680420525,1.0,5.0,4.0,2.0,8.0,10.738652516321153,36.56,0
62.14263665375576,97.84004572689199,59.63831865784359,7.2832138189009035,2.0,4.0,1.0,4.0,3.0,8.880649327531918,32.03,0
58.93661252908332,88.36633212004625,62.29412477356388,4.844495257204446,1.0,5.0,1.0,7.0,12.0,17.02261419723859,58.74,1
82.23708622864778,38.589987927536455,85.59272712014796,6.003816163508664,4.0,5.0,5.0,6.0,3.0,18.31694418296499,57.57,1
71.64805822011223,50.20743726859325,31.822071330057398,5.3297013063238055,5.0,5.0,1.0,0.0,18.0,15.094070018042352,32.13,0
85.71000741138138,88.81542375976431,88.00150551944489,8.49586235605856,1.0,4.0,7.0,6.0,1.0,4.2531170606702275,50.78,1
82.09856436860318,50.35025212923381,43.64064271324783,4.704817030360532,5.0,5.0,1.0,6.0,8.0,8.688947849827642,48.97,0
73.9075663101469,65.50733700005951,61.00021506148378,7.840546534083666,2.0,4.0,1.0,4.0,11.0,10.998329798864424,32.57,0
62.29809422897392,81.00104198049104,58.56133369552008,7.839430805163154,4.0,2.0,2.0,3.0,1.0,5.296527360388826,27.71,0
52.27729162971203,50.633110902727296,73.8282990465608,9.24443030257413,2.0,1.0,10.0,2.0,5.0,10.395418523644642,62.25,1
68.30227571899468,72.1075101229192,41.02813472174378,5.885470111055754,4.0,2.0,3.0,7.0,4.0,10.111108962671215,56.62,1
87.84598191485209,43.31949010163591,71.93258999122914,7.568483239370243,4.0,1.0,1.0,7.0,4.0,15.420690872936154,36.28,0
78.21140616195306,57.97264712097572,95.36464434930278,9.922477754808265,5.0,2.0,9.0,7.0,19.0,7.508547801606841,49.58,0
56.31391831932018,76.39563868285074,44.55238993110784,5.573537484599455,2.0,1.0,10.0,0.0,4.0,15.816514441368476,72.92,1
77.59771388776772,38.14012532936661,67.84559251415594,4.19743962870146,2.0,1.0,8.0,5.0,3.0,5.213159819153067,85.75,1
80.77976069593255,78.80949475920798,55.070267333050865,3.6799849491383547,1.0,3.0,5.0,3.0,8.0,5.910804011693231,66.16,1
61.74213845698301,69.60724402146637,71.38830809289554,7.569068043291997,2.0,1.0,2.0,5.0,9.0,8.103188461340062,41.67,0
77.30587658918292,81.04979908834295,65.28721666123629,3.6752746879121245,1.0,1.0,5.0,1.0,15.0,10.23935943332404,59.01,1
75.87313077669,74.47828268129322,55.37769636433536,5.941521420593116,3.0,3.0,6.0,2.0,9.0,0.0,51.78,1
57.85544553254066,97.28280859947688,72.3180842730661,7.155969780558441,3.0,5.0,1.0,3.0,9.0,12.296487827054696,25.9,0
80.36681040522424,72.50449005295815,92.06522164680115,6.777763305244871,3.0,5.0,4.0,3.0,18.0,18.546712658728758,36.24,0
83.41176789552351,61.41188917749494,62.13644312409052,7.138167296276258,2.0,3.0,9.0,7.0,9.0,13.256347839886766,75.71,1
91.24576864762915,72.44595006064567,75.79636913222274,6.833434783701281,2.0,4.0,2.0,5.0,5.0,8.946650365974186,36.7,0
90.80703078052355,80.86596058072776,45.60090563193255,8.418298719970089,1.0,1.0,5.0,0.0,16.0,4.577044588652036,31.69,0
54.33495948064363,70.97720140651408,50.65345434772987,5.071525428891805,4.0,1.0,1.0,1.0,4.0,0.9348888212549316,36.8,0
60.93262440127316,70.81183382407765,72.08609416820566,5.484507292312204,1.0,3.0,4.0,7.0,5.0,1.7848818764234125,69.17,1
82.7255290081299,55.96016624386489,87.26174042803947,5.3410108320937635,3.0,3.0,4.0,7.0,14.0,9.345800624965614,59.05,1
82.70678926368313,56.74198164898104,70.3342002317849,7.745287717793915,1.0,4.0,6.0,7.0,18.0,20.534550092256342,63.45,1
82.72571529459071,41.947894564006134,60.30412954215269,7.850597882592595,4.0,5.0,10.0,5.0,17.0,0.0,68.43,1
100.0,100.0,64.98937108135031,7.176837978977762,2.0,2.0,9.0,3.0,3.0,13.501089446175314,51.02,1
83.5633576603975,45.1227352921743,46.243883990454236,8.275240500334892,1.0,5.0,3.0,2.0,7.0,6.611422938070293,39.33,0
92.03348460270898,56.141896044081854,74.0677298953305,4.732938698935429,3.0,1.0,9.0,3.0,15.0,8.322525204858284,69.8,1
89.31002645239803,55.63185468861605,78.23499593485114,9.000836167326705,3.0,3.0,6.0,4.0,18.0,5.311505567279939,39.37,0
84.77086876958697,87.89848753888883,58.218645007503795,8.784857932568388,2.0,4.0,7.0,2.0,19.0,3.162806042565478,39.13,0
70.27096133039481,64.10100643415944,57.94936778360748,7.60343299586862,1.0,5.0,10.0,7.0,2.0,10.628186193361604,83.82,1
86.38453830739901,94.95484145347467,68.98817344478073,9.17269836315659,4.0,4.0,2.0,2.0,9.0,11.314017432348345,7.5,0
63.40762178193643,56.530187515122634,58.44920395939107,4.015065188483339,2.0,5.0,10.0,3.0,1.0,13.341700293596453,89.97,1
71.44772089889986,75.57988324447604,64.00801078061266,5.713327795606022,1.0,1.0,6.0,0.0,3.0,1.573781469459048,52.52,1
67.71954678256344,53.293058934804854,96.49582683749773,5.397044808977071,5.0,2.0,6.0,7.0,5.0,14.369861667390438,63.71,1
76.22811209079484,100.0,61.29461448881005,7.582218985636015,3.0,4.0,2.0,2.0,10.0,14.45903777127592,21.25,0
100.0,46.248031619409744,59.62489771968167,4.924788890596782,4.0,4.0,2.0,4.0,13.0,12.122468432157358,42.77,0
46.99102211112378,76.19641420454055,55.286872915472614,7.6362427240062285,4.0,2.0,2.0,5.0,15.0,7.895191914657696,40.1,0
85.2939028556177,82.67553761864197,76.16287957249905,8.555804215995071,4.0,4.0,10.0,0.0,18.0,11.542154335944723,38.49,0
50.80926193215522,78.27598194902997,62.28163740172845,7.542804350125999,3.0,4.0,1.0,0.0,1.0,9.197754715948388,22.01,0
67.92102201315849,66.29424682244583,55.25940442517861,6.925626535492252,1.0,5.0,5.0,0.0,16.0,14.84258164992503,46.46,0
91.33425895451049,67.40358600533148,84.81956048409518,5.018189988648876,2.0,5.0,8.0,2.0,8.0,8.167278510366085,60.6,1
75.96420028643195,70.87622943958219,86.29404506770456,5.229723550811953,1.0,2.0,2.0,0.0,16.0,10.540122150383342,35.27,0
58.83382833106041,67.05995996743023,55.99364651391942,8.374428357945,2.0,1.0,5.0,3.0,14.0,1.308389975144296,47.23,0
64.27044436110047,89.27758233589819,37.00190072959076,7.669023505857998,4.0,4.0,8.0,0.0,6.0,11.526498945951108,44.79,0
85.19396623402014,100.0,80.11270534755383,6.441470720933684,1.0,1.0,10.0,4.0,18.0,6.252227745476316,66.26,1
64.04450052424295,58.85016429984333,54.73055261359994,5.873135681351164,4.0,2.0,5.0,7.0,2.0,12.562331086802846,66.42,1
78.24687884372962,42.603940408418445,76.85938398744153,3.461288190332935,5.0,2.0,2.0,7.0,0.0,13.94212447623917,59.81,1
75.6835775985572,68.23435903297491,35.44844273432247,4.893721371973342,4.0,5.0,3.0,1.0,3.0,6.950135289526739,43.24,0
65.22599478591275,100.0,78.38896007448963,9.367128630709585,4.0,4.0,6.0,4.0,17.0,10.155941512338584,31.6,0
100.0,53.926508640605384,46.83242106078828,4.5793166434963,2.0,3.0,5.0,2.0,7.0,10.872474556766289,57.0,1
84.50878533477017,100.0,75.96146178599787,6.784219731831621,5.0,2.0,4.0,0.0,18.0,11.840318659666604,16.94,0
44.622861200135894,100.0,65.21409601754651,8.011165959792798,4.0,4.0,4.0,0.0,5.0,13.949289128219577,25.45,0
77.79681472154141,58.92823516584011,50.690908709050326,4.617615997996561,4.0,1.0,5.0,3.0,0.0,13.295055881817316,57.78,1
65.07320302847418,81.37966158370551,58.894455306098294,6.777065712171625,5.0,5.0,2.0,5.0,7.0,8.100548463759335,35.26,0
87.78650002194335,100.0,75.29477685435052,7.906873306265982,5.0,1.0,9.0,0.0,0.0,17.99160964577052,30.71,0
63.11218892350949,62.417445180250255,66.58841679672851,6.518748982860876,1.0,2.0,2.0,6.0,18.0,13.759937380604004,54.84,1
73.27895337799652,65.92839279795277,73.76619470708727,10.0,2.0,2.0,10.0,4.0,10.0,17.025721961260132,56.13,1
82.57480918470685,58.366381721027125,94.64660876773229,3.9971011116827073,5.0,1.0,2.0,2.0,14.0,11.733533616859596,35.03,0
87.98632791255181,49.704865386142664,41.53637582433423,8.088092794825819,5.0,2.0,10.0,7.0,10.0,12.029027276392704,70.2,1
56.99555389416336,57.01444909867986,89.25818862452937,6.240797393905304,3.0,4.0,9.0,1.0,18.0,9.414044742977282,62.5,1
69.98248146238578,45.52119466475487,66.5653390628482,7.657880232255012,5.0,2.0,3.0,0.0,9.0,7.781127607811523,24.57,0
67.87582033258566,70.68166936518452,51.51823927515308,7.161960727548869,2.0,5.0,10.0,1.0,11.0,14.876690905521844,65.13,1
65.20006151139432,54.60053537882716,45.04529561391515,5.4002657043350055,4.0,4.0,7.0,0.0,0.0,11.32295312290708,57.73,1
100.0,74.67571823581495,62.163194138344494,6.84349458868901,4.0,3.0,4.0,2.0,6.0,9.342180772433025,29.0,0
81.07472566441433,38.88208707592746,78.82475167886689,3.7131478229025694,4.0,2.0,6.0,5.0,16.0,4.886875070642988,71.39,1
56.08674068497432,76.61760464428914,63.08676319433699,7.404871250857091,4.0,2.0,4.0,4.0,9.0,17.775577688540594,42.75,0
88.76792920582164,86.6705792321785,87.66732395371021,6.947237698985789,3.0,5.0,10.0,7.0,5.0,10.56312717316285,67.38,1
100.0,30.12528714857089,43.23236464922662,7.457990252964653,5.0,5.0,7.0,2.0,16.0,3.866387113907245,46.82,0
90.4869789082672,77.48113139695144,64.81866578230918,8.087177487630726,4.0,1.0,1.0,1.0,17.0,10.407112329122617,9.04,0
52.2094505106898,94.55337984946584,46.214098333803214,7.051429760314567,1.0,1.0,3.0,0.0,4.0,8.99539781099719,37.39,0
67.73648890700623,45.807179626175895,70.45447823937452,6.722134129697414,4.0,1.0,3.0,1.0,17.0,8.790267999274258,35.25,0
94.00366723779933,100.0,78.3033108514595,5.178397495008062,5.0,5.0,1.0,4.0,16.0,12.881299009856829,22.28,0
64.38495801571828,78.38038018732091,58.6885730947842,5.431668854526423,4.0,1.0,6.0,6.0,15.0,9.00230239284882,65.03,1
81.65729142219342,55.89976288483182,25.936792150592986,8.280101930265996,3.0,1.0,9.0,7.0,7.0,8.472504739597538,73.96,1
86.61951080144006,68.88461844684588,67.98422220194742,8.654503108558968,2.0,3.0,8.0,2.0,12.0,16.812023684694296,45.71,0
61.09604292632876,81.16653825043444,71.55107827600264,6.142834345531919,2.0,1.0,7.0,1.0,15.0,1.3021651236900933,54.73,1
74.10711965907299,71.52010782824823,71.06442132442547,6.569004120879911,5.0,2.0,10.0,1.0,10.0,9.743088460528616,54.35,1
26.38098989896391,80.77511984892739,83.53673287733231,5.143078437509351,2.0,5.0,8.0,4.0,5.0,14.644259303294067,79.89,1
59.63418537998565,51.586528138412675,48.93419480526427,8.259135267901167,2.0,4.0,6.0,6.0,2.0,13.134662244462334,64.91,1
71.2114777291026,73.38721648072156,75.20324158175674,7.4981252355376675,1.0,3.0,9.0,0.0,0.0,15.10024296638309,54.43,1
56.28325227052726,41.7257100619004,82.88761268716962,9.411826154695625,5.0,5.0,3.0,6.0,17.0,20.10785939942002,35.62,0
99.48616955897452,67.775478773026,38.32118623990225,5.182515384230392,5.0,5.0,10.0,1.0,4.0,18.49475871945996,60.65,1
53.54787933059051,51.921847170704204,69.79477738878465,5.932988151472674,2.0,2.0,10.0,4.0,12.0,4.2223264305856265,85.03,1
68.39933269954524,55.28940114820467,57.43730253488493,6.847168883788359,2.0,1.0,9.0,0.0,9.0,1.9464829194625182,61.73,1
76.96110865929137,94.72186350420876,63.77715990347531,7.469734306588656,2.0,2.0,4.0,6.0,4.0,11.634262033492577,45.51,0
96.61909933599173,91.82620241188538,70.21514725307505,6.176498543678552,3.0,1.0,7.0,7.0,13.0,3.229411592211897,58.78,1
53.46206773230841,82.18276241814354,57.691571538296714,5.1905583643194495,4.0,1.0,9.0,6.0,16.0,0.36765339902461847,80.49,1
92.4474562823244,48.15374470654842,54.86437881257582,7.8221112933853565,3.0,5.0,2.0,7.0,0.0,11.581214289307932,42.5,0
75.1534959152938,63.671831006103965,65.51228626232037,7.581703043818372,5.0,1.0,2.0,6.0,1.0,12.835226627426168,34.26,0
60.27737023428074,94.26195399958367,48.69131091705796,5.125588849154413,1.0,3.0,9.0,5.0,6.0,18.555703227745067,84.07,1
81.93155211394907,72.83433827279809,48.712623066722216,8.533164201658243,4.0,3.0,3.0,0.0,9.0,13.842155349952117,17.36,0
77.98589543360205,100.0,75.19059924434755,8.255298063794905,1.0,3.0,9.0,6.0,19.0,19.59780042984822,61.69,1
65.99674684261808,77.86635678788744,47.76808947262016,6.701444745871689,5.0,5.0,5.0,5.0,6.0,11.777770926679889,49.9,0
76.04703127485028,73.84098232980062,74.99468751363818,6.6193967935640545,5.0,2.0,6.0,2.0,15.0,4.318648806603212,39.43,0
69.2202960470736,63.81767071594997,71.93886939280927,7.331086656673861,1.0,4.0,2.0,4.0,4.0,14.110935280858119,42.07,0
76.70276017876873,72.67081809564564,39.11289906814105,5.207445394615613,1.0,1.0,8.0,6.0,11.0,16.671565497599104,84.31,1
84.9319601178157,66.95060327238912,54.83653021496517,6.545047218746123,1.0,4.0,9.0,7.0,16.0,11.955421989557859,81.33,1
98.79025224218029,84.1621735337718,82.91164104571058,3.2714246830862295,5.0,2.0,2.0,0.0,15.0,17.2527523267787,25.12,0
56.43276751759726,89.13404633589168,50.28251703290478,7.814683468254403,2.0,2.0,6.0,7.0,19.0,9.383746434819114,63.2,1
100.0,54.28021078984101,58.033936065359185,4.15776016633721,1.0,5.0,6.0,5.0,15.0,12.72949558557662,73.49,1
45.71868300716247,43.37534092884444,71.93091339877844,8.755129742643499,4.0,3.0,8.0,5.0,18.0,9.128339593290654,63.08,1
72.72322357446625,33.27589253793407,76.75085763923893,6.004819859050325,5.0,3.0,10.0,2.0,14.0,21.895217956985515,67.42,1
83.82475809726864,80.15982653825087,61.22691670933256,6.182499527103235,3.0,2.0,5.0,7.0,11.0,14.206303431636059,57.62,1
79.2148780160255,47.93266787652253,56.03734707962538,5.558399140873242,3.0,5.0,9.0,3.0,9.0,4.416474345743965,73.25,1
65.65950720269109,26.942188140950343,86.33554792547761,6.067941689116886,4.0,5.0,1.0,4.0,1.0,19.2629873423731,41.48,0
71.87816624464087,77.77157209061929,91.08349495696368,8.627797017722056,2.0,1.0,9.0,7.0,6.0,6.334101208213059,63.43,1
67.6049859801175,100.0,79.68287076172693,3.0,1.0,3.0,10.0,3.0,12.0,10.068479797832698,85.08,1
66.15952864583683,69.87858176920213,66.27977213847537,8.415448079132283,5.0,2.0,7.0,0.0,2.0,12.341503979128301,32.97,0
87.74403145531537,86.76981548903284,52.8760141753861,7.007035221652562,1.0,4.0,4.0,4.0,14.0,12.74995987421827,45.35,0
80.35523228947571,71.6365871709513,52.54333390165152,4.689467528214177,5.0,3.0,3.0,7.0,0.0,12.41861111744199,54.94,1
64.60635607109019,68.02220693617714,72.83771157898636,4.887031410426143,3.0,1.0,10.0,2.0,2.0,4.334772473302731,74.73,1
88.49399813149876,88.38152965975537,71.27597331333025,9.014589540812304,1.0,5.0,6.0,0.0,9.0,12.43517317581055,27.9,0
79.60949281314915,64.19450911622697,86.02397889419645,5.081739680085903,4.0,2.0,1.0,4.0,14.0,15.503229685678512,35.47,0
87.1929317825844,75.34784628143805,74.75675138804209,4.769974234106061,2.0,3.0,3.0,7.0,5.0,15.35932014997079,57.78,1
84.44443262885419,76.43395612392027,42.45379547360273,8.205971813547094,4.0,4.0,2.0,7.0,19.0,3.4909370327398124,35.73,0
62.56507483616892,56.63819092713902,80.77921426584378,7.0078293144288715,2.0,1.0,9.0,4.0,14.0,6.721735592594861,70.69,1
66.59728439704546,89.84084699073045,50.02909059028381,5.0931116351954016,1.0,1.0,3.0,3.0,6.0,4.777391768995599,53.08,1
86.20940407684893,66.50080486609183,59.24043092071473,6.824937463106928,1.0,3.0,2.0,0.0,4.0,11.699064960002246,29.62,0
84.15555398150197,54.885096810143104,68.75300309377542,4.961370974539584,2.0,4.0,4.0,2.0,3.0,2.241761087762195,51.52,1
74.68647609053778,80.73019687140807,94.93501234675946,8.151232097633908,3.0,1.0,2.0,2.0,17.0,4.386286138592659,17.57,0
76.75991074963173,52.030640364179256,100.0,8.0920564473097,5.0,2.0,1.0,0.0,2.0,6.674325051743846,6.23,0
94.16497343682637,70.56362314738257,74.10084588704274,7.298009298232914,4.0,1.0,6.0,0.0,16.0,1.0160494388463874,29.22,0
66.12642916746255,69.81762006711593,62.25205071919418,7.042491591870525,4.0,4.0,10.0,5.0,17.0,9.861004480704516,70.77,1
83.20646071755057,91.71791131663156,73.01758472720826,9.141782187301061,4.0,5.0,8.0,1.0,17.0,0.0,29.67,0
71.9671102134916,79.49396465759905,78.31483138810754,6.499529491082338,1.0,5.0,10.0,7.0,1.0,12.426723847717662,82.78,1
71.7347819515917,69.49946082509712,60.189985616642126,4.727188811868798,4.0,3.0,10.0,3.0,12.0,8.014891806655632,75.35,1
91.48165277980786,86.35532598400574,91.92817033868484,7.17421086924846,5.0,4.0,2.0,0.0,14.0,6.880083963817787,5.48,0
87.38124523482045,97.80415098034626,68.45106138787104,9.62907057430567,5.0,1.0,9.0,0.0,4.0,7.696256892153709,23.61,0
87.20264454000957,81.15620612703725,72.46614633637091,4.977860760221222,2.0,1.0,3.0,1.0,2.0,9.698069538523093,37.76,0
94.58218210731494,70.20705239686761,74.98886378081693,5.957805849959021,1.0,5.0,8.0,1.0,4.0,12.96433091371558,55.97,1
75.31505762449139,43.76327535299681,71.32379915921683,7.124669057152179,5.0,5.0,8.0,4.0,4.0,16.585486367985588,57.81,1
85.22929456942445,48.69772673849255,77.58410750704418,6.419142726491391,3.0,2.0,3.0,6.0,4.0,15.069529076074772,48.86,0
70.34599865109816,63.89550591290665,55.741202201796156,5.026544629434028,1.0,5.0,3.0,2.0,2.0,21.15844161388308,53.82,1
79.86249528732664,57.809755956814335,56.62547369080954,8.182786784345707,1.0,2.0,6.0,3.0,2.0,13.376486046887248,51.73,1
73.04785418448473,66.26057394029108,48.497686505424575,9.98006108302589,5.0,1.0,1.0,4.0,19.0,10.701575511869665,14.67,0
76.45493947489078,71.13299849794214,71.59251845930339,6.794197188535861,3.0,2.0,4.0,0.0,17.0,7.714840903341855,31.45,0
83.92735538155371,80.59385508713461,76.6840475526817,5.143897565395999,2.0,2.0,1.0,7.0,19.0,7.881005215287344,47.3,0
62.726689751497915,68.59002443881818,71.86659299227829,4.176559212419788,5.0,3.0,3.0,1.0,3.0,12.695190132829607,41.51,0
100.0,79.73003287652404,90.11738650021306,6.886963971831771,3.0,5.0,9.0,5.0,0.0,5.00277929110898,55.8,1
59.90973927750447,71.2894882962024,64.9160597175643,8.155816014974386,1.0,2.0,5.0,2.0,15.0,11.14488069595968,45.86,0
56.787170808184015,30.490668672922574,75.03112483388769,7.212751619743073,3.0,1.0,5.0,4.0,7.0,9.905675520980578,58.1,1
92.37166310250102,51.21329212362491,48.624486857910284,6.496394238621719,1.0,4.0,4.0,5.0,16.0,6.359514717488562,57.6,1
86.87494040944404,67.1182488855677,59.193504462883986,5.616092522316041,5.0,2.0,3.0,2.0,7.0,4.744048535169092,33.41,0
84.36179725578234,45.806105143177845,75.43306636348666,4.861754550922866,5.0,5.0,5.0,6.0,6.0,22.623587508659206,59.85,1
84.4251826389642,81.9985745999241,77.73653166114715,7.752126989487323,4.0,3.0,4.0,6.0,7.0,3.017144168908544,36.61,0
74.81629840729629,100.0,60.59049578503726,7.870657432078378,4.0,1.0,8.0,5.0,11.0,9.66120717826692,50.5,1
61.54118442771252,94.37523703394633,63.926011222129,4.1814053199639005,4.0,3.0,4.0,1.0,15.0,16.112919040786032,44.85,0
76.1370683729059,65.73114258139584,42.231893799787855,8.884758467271027,5.0,4.0,8.0,4.0,11.0,12.645284324641391,48.7,0
64.84257432731832,99.81452273699904,59.64456198790086,7.361106831341002,2.0,2.0,6.0,4.0,18.0,7.632322220221695,50.73,1
89.62679600126627,72.97334914404223,78.35574745279679,8.59939196771869,5.0,2.0,5.0,6.0,9.0,4.03926432227331,33.76,0
72.79413927746792,63.25828057763921,73.6280752415985,4.486808377272327,3.0,5.0,4.0,2.0,6.0,10.64893221629762,51.33,1
62.61754204811233,57.7319467291812,72.50998582071814,4.451263766876842,5.0,2.0,4.0,5.0,11.0,0.0,58.38,1
70.1792123752051,63.95060627023743,65.7466053077144,6.276546035349055,5.0,1.0,4.0,1.0,19.0,10.849335301979343,34.94,0
81.19397181413436,62.236463629175425,65.10594737942264,7.254176640342791,1.0,4.0,9.0,0.0,4.0,10.1741329344727,56.92,1
66.54413170794038,73.40832444750976,55.09518290789829,9.194541234390446,1.0,3.0,4.0,4.0,15.0,15.350609642632998,42.03,0
62.666694066503524,73.2114796209973,75.48242630303803,7.559118370722697,1.0,4.0,9.0,7.0,8.0,4.283301284577837,77.44,1
78.65530817237868,70.0609204030683,71.31459416584084,6.13597808478195,5.0,2.0,10.0,0.0,6.0,8.38264300076967,52.61,1
78.67449856663085,78.73876339492699,72.380282719892,4.960446188501162,2.0,3.0,6.0,1.0,19.0,12.184508234187588,52.59,1
67.39585236943306,93.81292549572683,57.10947735998629,8.345000859078725,3.0,5.0,10.0,6.0,13.0,11.027838793517809,65.87,1
67.93442541572516,88.99108270882647,32.69985620193133,5.052941861373927,3.0,4.0,7.0,7.0,10.0,3.2867675154479024,77.92,1
78.48074906036454,40.30204063100193,81.45729067630543,8.942702832158481,2.0,3.0,10.0,4.0,6.0,6.762491348080587,64.15,1
53.27873487754014,18.9215773019609,57.81743815987394,6.073423025590236,2.0,3.0,3.0,4.0,9.0,16.999557801156968,64.62,1
53.888043384351676,88.68639822478548,52.058363539353195,8.885873108926775,3.0,3.0,8.0,5.0,8.0,11.296631926455577,57.26,1
64.22333668121345,42.66242603169158,75.4021836787099,7.5183969350889175,4.0,1.0,3.0,7.0,3.0,1.6794192601138533,50.16,1
71.7982927243223,65.50469196214632,59.11981040121306,6.294506765836313,1.0,4.0,1.0,0.0,15.0,14.416160733386683,32.11,0
79.66361348397007,46.59773947881281,80.89904576069932,5.72090544226081,1.0,3.0,10.0,6.0,9.0,2.003676369736098,87.98,1
97.13034325424329,33.9603912483996,74.25508924365046,5.98863818398088,3.0,4.0,5.0,5.0,18.0,8.464897511936243,56.54,1
87.86489434803029,80.82925456409576,75.25353984800716,7.142475038562856,2.0,3.0,2.0,3.0,16.0,12.816382772882388,28.34,0
72.60092205054859,85.18310320605293,44.51066433199199,6.615734744326575,4.0,5.0,10.0,0.0,8.0,16.06852940009368,55.75,1
74.71475688145966,58.46979198546561,83.179159780796,5.609282887896942,3.0,5.0,6.0,0.0,12.0,0.0,46.72,0
59.96205953043287,18.179154157101806,68.91875796850785,6.2515528845235515,1.0,5.0,10.0,3.0,0.0,13.55795053735349,88.74,1
74.72230296011415,59.075111034950346,59.460842911306955,6.6178655445787244,5.0,2.0,9.0,1.0,1.0,14.308623200252335,54.18,1
70.67012041619793,77.83608010805094,67.15082701013377,3.3068988583777816,2.0,3.0,1.0,7.0,12.0,7.21492265920935,61.9,1
79.84077840507135,40.421768624517426,38.356471506525196,7.187252172183048,5.0,2.0,4.0,7.0,8.0,10.45454544717175,54.95,1
62.59153584671515,73.66719839558311,71.12979217221006,5.030418162924789,3.0,4.0,1.0,1.0,6.0,0.0,34.32,0
82.79019771361759,69.69380301654009,49.559427377268925,4.770001395191382,1.0,2.0,1.0,4.0,15.0,0.0,49.72,0
97.99108369503867,81.58582999202177,44.70994571234698,3.9689834793339345,4.0,4.0,8.0,2.0,18.0,15.542663600041273,61.37,1
73.36859777314713,72.39160736828306,42.16461220673163,3.8091612531981647,5.0,4.0,2.0,5.0,6.0,7.305523855070156,52.48,1
81.02567583148412,50.538621182368885,81.69032562484888,4.466828745331567,4.0,4.0,1.0,2.0,5.0,8.268938842489305,35.58,0
85.35215987566669,93.93143003328983,55.561049094608165,5.436468563554264,1.0,2.0,8.0,4.0,17.0,11.173382018470132,68.15,1
68.98169292171245,66.8294085394606,88.00591564874749,9.429888706289852,5.0,3.0,4.0,7.0,18.0,8.170338946115637,33.55,0
78.36138722715626,69.45390920980137,56.96297805421553,5.711180486157194,4.0,2.0,3.0,2.0,10.0,7.7065393323152565,37.97,0
75.18888601172692,51.33464081853608,39.3896306361058,6.766625159402047,4.0,3.0,4.0,0.0,11.0,11.972445309550247,37.74,0
76.46514147823248,61.134354976169796,48.25213340077011,7.1007220797594925,5.0,3.0,5.0,0.0,9.0,2.5223187116030585,33.43,0
63.404853242168,52.30394571946198,83.53717430010408,6.696597779323773,1.0,4.0,1.0,3.0,12.0,15.799588259302967,40.24,0
75.36765261388415,66.54107880153154,62.66152733094999,6.3838348089110095,4.0,2.0,1.0,3.0,11.0,8.848749875628233,30.02,0
82.46997436868175,100.0,56.77569055264099,4.7070593546011334,3.0,3.0,3.0,4.0,9.0,4.971707496295635,44.94,0
96.76715411692562,42.56197714137287,67.40027338779181,8.676391322418818,5.0,5.0,6.0,4.0,19.0,4.298951577388341,37.35,0
89.3890623912781,37.72877204246518,72.52674104251318,9.210794965456827,2.0,3.0,1.0,6.0,17.0,10.213259432276615,31.67,0
100.0,99.42340654987217,81.76098223853691,3.9760119588159712,2.0,5.0,2.0,4.0,3.0,8.468211451108115,39.53,0
63.489786556679256,65.81352645696268,86.7274884483939,4.96395711367043,1.0,2.0,7.0,0.0,4.0,2.255799627406202,60.87,1
88.08480955081018,56.61854522680167,59.60347031316371,6.080284486434491,3.0,2.0,1.0,2.0,4.0,6.990824473109318,30.8,0
77.75013008607527,90.79809374792153,45.10928470876942,5.053193307634713,4.0,2.0,7.0,5.0,11.0,5.954004985585919,64.13,1
100.0,57.88768920526272,58.79802258315086,7.258948330183798,2.0,3.0,4.0,6.0,2.0,16.309282682604348,48.95,0
62.87552571967273,100.0,68.9042075987433,5.40759169639008,1.0,1.0,10.0,6.0,7.0,10.652262074858712,84.84,1
62.40417236728836,83.55851742678539,50.54361610684084,9.747584101709904,3.0,3.0,6.0,7.0,1.0,17.846697141852793,50.01,1
66.00911031833967,60.24177183708595,50.642736276574354,8.285822891515394,3.0,3.0,8.0,6.0,17.0,6.45012887816371,66.2,1
43.141564135352894,100.0,70.15681822324828,6.8188610459483225,1.0,4.0,9.0,4.0,8.0,8.544340556279849,72.43,1
67.11367467478858,57.88570153993323,64.27021472644323,8.040479394979599,1.0,4.0,6.0,4.0,12.0,11.93276612617857,57.51,1
63.61301007669453,84.84190744018613,65.4919549311738,8.158850636535963,4.0,3.0,9.0,0.0,6.0,13.02066305287017,43.1,0
77.25590679714311,75.98585160812983,53.62256997949896,5.654078767912635,1.0,5.0,4.0,5.0,9.0,13.604955362264828,59.9,1
80.12633963665739,96.03482578797596,61.54398928691349,5.275674133187053,4.0,4.0,6.0,0.0,8.0,5.560952237832621,39.71,0
100.0,100.0,51.136502835975435,6.617214594454471,4.0,3.0,8.0,5.0,14.0,5.701604315047024,51.91,1
89.25635757279075,70.64008298131533,78.3529761668718,7.792454186746916,5.0,1.0,9.0,0.0,4.0,8.222898642564116,36.38,0
66.34644516506395,54.93164259307633,80.52874002085629,6.708590597980127,3.0,5.0,3.0,2.0,11.0,17.404534320427985,38.36,0
61.52377992977463,79.19944285878233,37.307182066428595,4.134505276713504,3.0,2.0,2.0,7.0,0.0,4.996584082842319,65.28,1
82.37878757259759,56.44569260495788,51.05733709711385,5.295763334073737,3.0,3.0,6.0,4.0,11.0,7.3653749692167265,63.74,1
55.19650189469037,100.0,42.55206117364881,6.3890407046084325,5.0,3.0,4.0,1.0,5.0,13.649289572115933,34.39,0
100.0,72.73070662165475,55.249640983896526,6.386501593511254,4.0,5.0,1.0,1.0,18.0,13.3817713237441,17.62,0
92.69160181081931,62.69356897375783,63.748430453144586,9.458813265184713,4.0,4.0,8.0,7.0,18.0,12.777091839089598,51.09,1
67.96236521842943,73.69360611729817,43.255321704522046,4.421018086401503,1.0,4.0,9.0,4.0,15.0,10.40421790389651,87.63,1
49.30298206363683,43.05747420940607,51.1721028031203,7.258383862753812,5.0,4.0,9.0,6.0,18.0,4.67433189225132,76.96,1
95.3080856124812,50.567719229786974,49.94063941877752,8.733669662492435,1.0,2.0,2.0,4.0,2.0,6.546120355489322,34.42,0
73.28190232121074,94.00827815888852,68.10900994098417,9.907174618134194,5.0,5.0,9.0,4.0,9.0,15.632450879644752,38.68,0
93.56724467960193,56.862114420572084,66.04016505554375,5.893403865224058,1.0,5.0,7.0,7.0,17.0,13.868186666278708,74.71,1
51.08358511808449,49.0617803463612,54.1739366999412,7.2371441790803,2.0,4.0,5.0,4.0,12.0,3.32507546112267,61.85,1
66.0093746556934,80.73305505054572,67.65231308209097,7.35464053579797,3.0,4.0,7.0,6.0,17.0,14.347288148524111,60.16,1
75.07865549577275,93.71408309325994,56.79979873119102,6.793222597329936,3.0,1.0,9.0,5.0,2.0,16.543892193821677,64.77,1
75.70470890647113,84.37906621330134,60.9251733451092,6.351732198141041,4.0,1.0,8.0,7.0,2.0,10.269153943568357,67.09,1
68.24901792781135,89.92095371611633,90.10178135447805,7.153963084250069,2.0,3.0,6.0,2.0,11.0,12.131405903398035,42.25,0
84.34274898521248,54.864098228610786,85.10691577685522,3.0,3.0,3.0,4.0,1.0,19.0,15.057425927881045,52.85,1
58.98569355926108,41.56378666516312,45.506281446086035,7.523104235093947,4.0,5.0,1.0,7.0,6.0,6.5214180191879905,48.13,0
72.8643077246806,100.0,77.44598626818762,6.689266855492951,2.0,5.0,6.0,3.0,7.0,21.6479890231074,46.34,0
76.80443447567848,63.546403223157284,77.17094831737388,6.166287654832602,3.0,2.0,3.0,1.0,8.0,16.115389893232663,34.2,0
82.71658251088124,64.98333967089906,47.776050668710724,9.570293293579336,1.0,2.0,6.0,1.0,13.0,12.620140736017309,37.85,0
85.67422317133335,96.56388283698115,77.2816646563229,5.4875989718141716,5.0,1.0,6.0,6.0,4.0,9.827460779076443,49.88,0
58.13036862243196,81.1246001880132,88.06897877618829,5.895386016402454,2.0,3.0,4.0,0.0,18.0,12.473887223068736,39.11,0
51.98828743896567,79.11775544163216,48.16182790633379,9.487329953307102,4.0,1.0,2.0,4.0,15.0,2.198587506677775,26.98,0
94.16515232847763,100.0,51.237457684786044,5.251908042725216,2.0,1.0,9.0,4.0,11.0,20.410438839548092,67.3,1
79.98471017969388,57.12963539239714,80.26492200265254,5.674827075595192,4.0,3.0,2.0,4.0,3.0,15.644457867211749,38.72,0
63.7727019516517,88.55680256162475,69.07242966238472,6.279461864853725,2.0,2.0,3.0,0.0,7.0,17.320067984011278,33.1,0
98.26727963283784,71.14026249794169,73.27214412859286,7.761101723194324,4.0,3.0,10.0,6.0,6.0,10.153785818418463,60.14,1
76.73511951439288,75.37184557726513,70.10883824600745,6.81170376102997,3.0,4.0,1.0,7.0,14.0,8.198554019601861,39.73,0
92.6894577609574,100.0,70.86043881392216,4.5610619792716065,1.0,4.0,7.0,2.0,5.0,6.62846398324862,57.1,1
76.01277722115164,80.15671512579247,45.102918075333754,5.701747155309215,3.0,4.0,1.0,2.0,4.0,14.067873044234032,33.2,0
100.0,80.76592158099265,80.70976559932173,5.588968350181683,1.0,5.0,9.0,6.0,13.0,7.4372646017186455,72.63,1
100.0,91.45014674619604,82.54384988641661,6.384168432165431,3.0,2.0,1.0,3.0,12.0,9.063215334076466,18.8,0
71.2655377728139,62.70094540914229,61.559138838979585,7.1387654879447435,3.0,2.0,5.0,2.0,9.0,12.73199563337625,44.32,0
89.57356426431534,53.21580665321987,64.34784575279207,7.127308633831958,2.0,5.0,7.0,6.0,17.0,6.703358415818306,64.44,1
84.68063924377721,49.10381611957933,42.03338746166417,3.8359823689273966,5.0,1.0,3.0,7.0,3.0,15.21973381991595,64.29,1
95.52947336298523,30.672868212479962,72.71382134026753,8.095911481341284,4.0,4.0,9.0,2.0,7.0,9.911294610550728,51.25,1
60.52614809129843,100.0,73.58086162571216,6.878853268994935,4.0,4.0,8.0,4.0,10.0,2.4594034085201404,54.12,1
85.29077189997659,47.93583268556634,64.06713474501034,8.57679807139086,4.0,1.0,3.0,5.0,16.0,6.64998660615836,34.11,0
90.87636730274382,65.57492752828456,81.86530039805754,7.1662974909360075,1.0,3.0,5.0,6.0,17.0,16.540927249851322,53.73,1
48.618907703653285,64.46373400222159,59.98884153530089,8.151984436603643,4.0,3.0,7.0,1.0,10.0,5.314987433188086,46.81,0
57.25112231001337,76.14813395618202,73.469088888404,7.19981796717519,4.0,2.0,4.0,2.0,15.0,14.470387436188094,35.97,0
44.411517333598496,86.31474425078594,49.705034919618264,8.519338634304123,2.0,5.0,5.0,2.0,11.0,10.608367183472861,44.18,0
70.95889748333164,87.2094697671949,64.64671773688643,7.283375954026668,3.0,2.0,3.0,0.0,12.0,9.141498491354431,24.14,0
85.76313383693943,58.33845122862123,62.384686131457464,6.353127130335644,4.0,3.0,9.0,3.0,15.0,22.56297075391637,61.51,1
97.53535578144042,66.65756572427178,68.37961883061412,9.908652080670322,5.0,1.0,10.0,5.0,0.0,3.5789187853517284,45.09,0
76.11142170629662,75.65159900976599,59.45709606749962,7.8335556834198385,4.0,2.0,9.0,7.0,15.0,6.299331975051086,65.53,1
99.42923318356938,65.02617747632905,63.027911064924986,7.36061663150662,1.0,4.0,7.0,0.0,14.0,9.88284965508296,43.47,0
54.29847812677663,100.0,77.3907075716226,4.585543375192496,1.0,4.0,10.0,4.0,5.0,22.078746960250417,83.81,1
49.44926340967268,79.81949903276502,58.44853644142674,4.567538573804693,1.0,1.0,2.0,1.0,11.0,9.89449411603846,50.72,1
74.16678451655072,84.69755572099635,40.90134348891981,6.93907322321278,4.0,3.0,7.0,3.0,7.0,11.37126469277726,51.35,1
80.76098173408961,83.25762537334825,91.24375856308131,6.718281796652361,2.0,4.0,7.0,0.0,6.0,8.320822502066822,40.45,0
74.5095787785886,93.4694771497065,85.72181118035729,5.5788161524875255,5.0,4.0,5.0,6.0,1.0,11.793142892809518,47.55,0
43.98836849940185,73.62043117407414,45.616059573415725,6.71147404941809,4.0,5.0,9.0,2.0,11.0,8.630912966817691,66.66,1
73.66319940730817,44.063361040883066,75.34561707867792,8.882940392065393,2.0,2.0,3.0,2.0,13.0,13.476613022166276,31.55,0
55.43295749242721,77.99375903505283,57.455378441729856,7.543103711825448,2.0,3.0,4.0,3.0,15.0,13.870936632427473,45.82,0
85.04508823245058,56.97286212416342,68.9523082299659,4.7884872353708925,4.0,2.0,1.0,2.0,10.0,8.829474185859004,33.57,0
80.49897369145272,59.42766636500487,69.4133619352024,6.332736759285584,4.0,3.0,6.0,6.0,19.0,4.372599809519681,58.63,1
60.90180320508967,81.72728037510187,61.48388299525517,5.2925502787211585,2.0,4.0,4.0,0.0,8.0,10.467849235128678,45.35,0
67.2919962399496,94.76566142867271,53.24351501620406,5.918450125387158,2.0,5.0,1.0,0.0,9.0,17.01060874210583,27.11,0
59.11179717166573,70.42543153472123,54.64188421525611,5.879576501555536,2.0,2.0,2.0,2.0,16.0,5.866697031103953,44.14,0
74.05981354090243,76.17666025197927,51.257121267781365,5.783531626093993,4.0,4.0,3.0,2.0,11.0,11.669584451966504,38.19,0
89.32713480751858,100.0,52.522666876543326,4.617296942039908,2.0,3.0,9.0,4.0,5.0,3.971297849936912,71.52,1
60.21410930496684,74.81506358977137,63.99232564925967,6.3085179777227145,1.0,2.0,8.0,1.0,18.0,4.8009633276173735,63.6,1
82.56069773276766,100.0,54.26360016333872,5.659088544729035,4.0,2.0,7.0,7.0,10.0,16.50182917651494,62.67,1
67.04613572441339,81.31019291263088,75.2307809856893,3.0,1.0,4.0,4.0,3.0,8.0,13.457666913246399,65.46,1
63.10690751606484,34.784744816883645,87.30869233003891,9.579458036752495,3.0,2.0,1.0,0.0,5.0,11.744825650192139,13.62,0
73.39454460068163,85.06683242209066,56.29920137944936,8.133154481325008,4.0,5.0,8.0,3.0,15.0,0.0,47.15,0
59.47136516370939,77.62316769765556,68.59106750803066,5.935548912612506,3.0,5.0,4.0,4.0,19.0,7.235535642816469,51.3,1
66.69526041979228,95.79505508165491,72.495276654544,6.528228574610898,2.0,4.0,3.0,0.0,15.0,13.034070015433436,29.13,0
57.03183161116728,83.46362702539916,72.08003406378911,4.742518479023657,2.0,3.0,9.0,4.0,5.0,2.7546724603950503,79.41,1
100.0,67.23088032032453,66.13932901874131,9.043584316716299,5.0,4.0,10.0,4.0,4.0,8.230573050457016,46.03,0
75.52895327957593,45.51403527421269,76.14023627539584,9.345933042159668,2.0,5.0,4.0,5.0,3.0,13.833268553096586,41.44,0
64.50411738011121,65.8195348542795,72.23373429020985,6.735040592369787,3.0,1.0,4.0,2.0,1.0,2.44430643327597,41.78,0
78.20969866101333,52.989590915814,46.43506366509053,8.035295966278017,2.0,1.0,9.0,6.0,5.0,1.6035670652560157,73.55,1
73.31507925463755,58.389531003905546,78.03734096583909,6.762930168400886,4.0,2.0,2.0,5.0,8.0,2.5308594187791025,38.02,0
71.68545600700166,81.7715680884122,78.30936255900113,4.494911841686104,2.0,2.0,5.0,7.0,16.0,11.672426058057562,69.31,1
84.21250050065137,100.0,53.550708437321276,5.882264946554514,5.0,1.0,4.0,3.0,13.0,7.215007355685489,34.02,0
86.36261565070957,77.89343059645962,65.56906753171403,6.697891950157936,2.0,5.0,9.0,6.0,6.0,14.390243132315575,70.32,1
67.04248278584208,46.08233875929631,75.24993489216604,5.818178421884833,3.0,2.0,5.0,3.0,18.0,10.605091926173074,56.34,1
66.3627263903298,78.89205336440281,61.86029270630958,6.172020083847446,3.0,4.0,9.0,2.0,0.0,19.402673589690203,63.25,1
70.87422454272534,93.93262973291303,81.09467071649019,6.362900663736328,2.0,4.0,9.0,6.0,19.0,3.8125890087532586,70.33,1
40.471182528966224,57.804341913612355,100.0,6.378682253201808,3.0,5.0,2.0,5.0,14.0,11.658858525545492,48.06,0
52.27213406702172,67.31965666654165,53.210209510475266,6.578387735746225,3.0,2.0,9.0,3.0,17.0,6.023926144876749,71.42,1
95.50311401166786,70.29376389458395,44.28433095269338,4.909092400405099,5.0,4.0,3.0,5.0,2.0,13.001063495740148,45.49,0
99.67451570251926,54.3020337383552,69.55727893407314,5.424475776308096,4.0,2.0,4.0,2.0,17.0,10.5996794513642,39.22,0
71.26445940665432,82.96560867687718,75.82343757689215,4.573123601450046,5.0,2.0,1.0,6.0,1.0,5.034395880898097,40.92,0
83.6483544458365,67.58103702784437,61.53700439232846,7.9667233245293,1.0,4.0,1.0,6.0,9.0,9.21423876945562,38.06,0
79.66875231815304,78.39064887814055,86.79890994981551,3.3415295872395134,5.0,1.0,1.0,0.0,10.0,10.365490386058255,26.13,0
100.0,52.250156443958,44.92091300415127,8.230385514975389,2.0,4.0,9.0,4.0,2.0,7.003455300023875,61.4,1
91.79362367151865,61.25083399353179,75.39377934547417,8.579524095894264,4.0,5.0,8.0,4.0,6.0,13.635836074917885,45.2,0
73.0812361277885,84.44762715655543,55.9120876886166,6.046729119526068,2.0,3.0,5.0,5.0,7.0,4.844536916655427,57.93,1
60.666893390993614,62.54333695816466,90.79066859310944,3.0,1.0,4.0,5.0,6.0,18.0,20.455042790165816,81.61,1
50.903305196136415,100.0,94.88773029752177,5.958034157049064,4.0,2.0,9.0,3.0,17.0,14.768451503134273,58.97,1
78.05195453800835,62.00727628770795,53.500151183249784,6.403723758066771,3.0,2.0,3.0,5.0,12.0,11.74370559526768,48.68,0
63.654738820735446,74.49369451503772,56.7566429613713,4.98410267010663,5.0,4.0,3.0,5.0,12.0,24.226571373485953,50.4,1
53.666194356034886,88.65181663746179,77.89381830469702,5.727172409287636,2.0,3.0,7.0,1.0,18.0,8.453505870533675,56.23,1
65.3014067363621,41.63268534133937,59.19304025315728,8.795292798295026,1.0,4.0,9.0,7.0,11.0,13.056879337821735,79.38,1
58.77677994578407,34.78382376038448,64.31883173101643,7.497390743452612,3.0,3.0,6.0,6.0,16.0,11.113402317996039,67.0,1
100.0,39.486873708598104,65.38082630813615,5.11315382843285,5.0,3.0,2.0,4.0,11.0,13.987338466039121,39.29,0
88.22459635424175,95.25168206854364,36.204902657035156,4.103601245606852,3.0,5.0,1.0,6.0,12.0,17.480581835333105,48.58,0
74.88041038025074,58.96283708215107,64.79243380858644,6.009474023585343,5.0,2.0,2.0,2.0,11.0,12.744746883056797,31.21,0
97.19916208335039,100.0,54.654083389037396,6.179814830974343,4.0,2.0,1.0,5.0,18.0,15.208969476575996,26.05,0
76.16052461471428,58.71504802685223,57.60315766400342,7.244298781044974,3.0,3.0,10.0,1.0,13.0,7.2480600482670425,61.09,1
62.08073698007605,73.69102606394074,86.65448005203221,5.697024931148512,3.0,2.0,10.0,1.0,6.0,8.969249257681007,65.03,1
97.84686115904486,100.0,46.152396585811154,7.267249363042792,3.0,1.0,9.0,4.0,12.0,18.19143780131502,53.96,1
83.08365065526988,100.0,77.19807780121965,9.402731060090343,4.0,3.0,10.0,4.0,5.0,12.984280817646798,43.23,0
59.441307685103155,100.0,60.81555604502287,7.723251533666394,1.0,2.0,8.0,4.0,18.0,11.241618224290942,61.14,1
72.14491982874588,94.16732461186285,60.80359747256249,6.427867239003841,5.0,1.0,7.0,2.0,18.0,6.233778954582414,43.46,0
61.86572619922865,90.48125051622925,76.85557844077567,6.225274293420058,3.0,5.0,3.0,1.0,3.0,14.832980405674752,32.29,0
54.25800403553496,81.85053898402366,70.10076941853336,5.964990298730193,4.0,2.0,8.0,3.0,18.0,6.0926728950876985,61.46,1
88.89266321297463,85.56722152333276,73.55919495829296,8.270961368678217,1.0,1.0,2.0,2.0,8.0,4.61917072114947,21.69,0
100.0,58.97628567342933,79.52276990799291,5.559029831073046,5.0,4.0,2.0,0.0,15.0,10.574628755144605,18.87,0
54.02148639271288,53.63602233155386,60.030374252250155,6.567834063499974,4.0,4.0,10.0,7.0,3.0,0.0,85.86,1
83.44453855035856,69.93251085178096,55.81644898238375,6.576796852821628,5.0,1.0,3.0,7.0,5.0,13.055383581854873,44.5,0
65.24036146317259,66.59630754950143,48.72274210163303,5.747323710782702,3.0,3.0,7.0,5.0,7.0,11.88472098370644,71.14,1
67.69311924352957,60.9354390134545,52.61884205031567,4.441301678173849,1.0,3.0,1.0,7.0,15.0,8.235982206820697,65.56,1
66.11409113641696,83.92774894913431,100.0,6.984461755426502,4.0,2.0,8.0,4.0,4.0,8.689409207199812,51.42,1
62.04013845480276,89.10610417141021,83.67019371105181,6.408494042216924,1.0,4.0,7.0,1.0,9.0,9.403395476668006,52.74,1
75.7278244191724,71.76813772583695,44.733884506879676,7.250360704154855,3.0,3.0,4.0,7.0,12.0,6.054363112263292,54.44,1
62.535748253834434,99.55060162110524,45.16313064884645,5.69959954034125,1.0,3.0,5.0,5.0,13.0,10.922863137491465,63.94,1
79.05685238669759,47.1662177173299,72.22799092577738,8.331231948219571,1.0,4.0,10.0,7.0,6.0,8.753025348072425,79.2,1
74.24642835826295,66.12681081440564,73.2089719606695,5.184839328182233,2.0,5.0,1.0,6.0,19.0,10.562260766443092,49.95,0
71.41577929700385,55.6635535879439,73.23325752976046,9.06806042602684,1.0,3.0,4.0,2.0,5.0,9.221357073326285,36.22,0
61.386545069376034,32.6692676585388,61.175663096694535,3.8785452352576075,5.0,1.0,1.0,0.0,6.0,8.237356637543762,41.12,0
66.34843004147501,68.34638628314602,63.118186099956496,7.152155096835337,4.0,2.0,1.0,6.0,4.0,11.392463117188186,37.06,0
86.33086838738635,67.56504983233432,69.91819286239036,7.213146023789935,2.0,3.0,10.0,2.0,17.0,13.905499214657553,61.09,1
82.5137578143657,100.0,66.28839509439996,5.306664398088676,4.0,3.0,1.0,2.0,11.0,7.3761542741605135,23.32,0
60.33667132802174,82.61623369109554,31.71049440878697,7.136590906791519,4.0,5.0,7.0,3.0,5.0,11.977366458229788,55.65,1
76.48998458143839,49.5162635134159,61.553005541372094,8.419278004640239,3.0,1.0,7.0,7.0,0.0,12.597152052570953,62.39,1
86.27080685057683,100.0,52.2289034860953,3.1747717409689034,3.0,2.0,4.0,5.0,3.0,3.580680589967148,59.45,1
49.95892078317942,94.42067391050706,67.62817128362768,7.254117211236222,2.0,3.0,2.0,3.0,18.0,14.882722375769042,35.74,0
83.15040288569902,81.64195406937232,100.0,3.0,3.0,2.0,3.0,2.0,11.0,20.282256653279944,44.49,0
65.0606436158123,65.47031802300336,70.51222498211456,5.051502794715188,3.0,4.0,8.0,7.0,14.0,9.559521546687272,81.71,1
83.5589800288974,50.81121526553041,60.297054707414034,8.943749547351418,3.0,3.0,8.0,0.0,2.0,9.144022956479851,40.76,0
63.55111265186225,62.55586447857894,78.82702252965878,5.627326949911919,4.0,3.0,6.0,1.0,19.0,8.934969192023262,49.28,0
47.92676849003222,91.77497239408372,72.24031830813819,4.739180053386541,2.0,4.0,10.0,1.0,7.0,13.103028773996519,74.98,1
50.58686343175256,100.0,71.30141735677762,6.203093406522977,4.0,5.0,9.0,7.0,10.0,12.55389263324906,73.48,1
75.72127419992073,100.0,74.10275889823507,9.601859507245328,5.0,3.0,9.0,6.0,15.0,2.04669398839573,43.54,0
78.89583752582223,60.223011564274515,95.84815347244312,3.752476629190961,4.0,2.0,4.0,5.0,8.0,5.669394748829191,56.79,1
61.43525062343387,47.607651334219774,48.03667347011127,4.923035132540983,5.0,1.0,1.0,4.0,2.0,12.536564249458436,46.92,0
84.57888688166061,72.81772493822407,72.10448115217181,8.74614752476944,1.0,2.0,1.0,4.0,4.0,9.274891150601245,25.19,0
50.0771990659656,34.63121268874297,51.10428305027692,9.286553515306599,1.0,5.0,10.0,1.0,19.0,4.169410463802401,69.26,1
74.00880302029024,76.46335428369562,73.33268969513372,6.344853163564574,5.0,1.0,5.0,2.0,13.0,17.501300901440082,37.02,0
56.834757003563155,67.04794827402662,51.21970232770858,4.641420946210037,5.0,2.0,2.0,2.0,14.0,6.001433668710099,43.08,0
65.22245838296762,60.67926996263515,58.73949779592373,9.643765252713738,4.0,2.0,6.0,3.0,5.0,10.17888560998464,38.08,0
75.71098006974621,38.10593865466409,60.57365128643141,8.891663587623796,5.0,4.0,7.0,7.0,3.0,9.142404442855133,56.61,1
62.09379952074072,80.27200213139433,79.63725079017064,7.51842048164335,2.0,5.0,1.0,5.0,7.0,4.60655599524721,34.4,0
69.23166683655262,59.34598320676177,78.7768166591362,5.28139647659387,1.0,4.0,6.0,7.0,18.0,10.924774010902166,77.47,1
90.0943921382166,46.60166328579424,46.31423935330423,6.426455988742945,1.0,1.0,8.0,7.0,4.0,11.960534417497097,81.98,1
66.34662195715276,12.554755734367014,65.82401166499773,6.259459878432754,5.0,4.0,5.0,3.0,12.0,7.661619840851861,56.43,1
87.53538168097712,69.44970189898727,54.35630217876241,6.996276956923366,3.0,5.0,7.0,4.0,15.0,8.31903867805259,54.78,1
58.05439718013573,100.0,46.12242633986998,8.676502157197003,3.0,3.0,10.0,7.0,0.0,13.002435213813067,69.99,1
82.94706266872925,100.0,61.74474424363444,7.819125561706105,5.0,3.0,6.0,1.0,12.0,0.12430867168306037,25.35,0
96.6235293098685,60.858074868274564,60.3727581731627,4.883935884522863,2.0,1.0,4.0,6.0,10.0,5.7749807487613944,60.93,1
37.92533249809066,57.955758792764385,100.0,8.564744675029306,3.0,3.0,7.0,7.0,7.0,11.067174482661896,63.86,1
63.046571167942844,79.37548512150047,71.49439738041045,6.969698210019733,5.0,4.0,10.0,2.0,7.0,7.366306365049418,56.49,1
83.6560819077081,50.03229121623417,44.33573748868644,7.530598693788375,2.0,1.0,9.0,7.0,13.0,7.294854681352742,78.66,1
71.9543192093551,76.03583799638932,56.52838993743587,8.699811288917903,2.0,5.0,10.0,1.0,12.0,14.508462730980844,54.51,1
80.56718810056964,85.32160556769381,80.32074943144097,4.832629625729673,4.0,1.0,10.0,0.0,2.0,6.83337858981159,57.29,1
65.94022219926269,94.53866447768615,96.32664159304888,6.446261631940305,2.0,1.0,7.0,1.0,3.0,19.89589125556912,45.54,0
76.2988468120935,67.99691847040094,41.210250316430624,5.7028181729611775,3.0,2.0,5.0,0.0,19.0,1.2274371105554103,46.25,0
72.66484146911881,65.92652499646069,36.80113422291433,4.148210861951816,3.0,2.0,7.0,3.0,14.0,0.0,73.22,1
92.5167309248971,52.440348264868774,93.06447763057673,7.0200649664073795,5.0,1.0,3.0,3.0,14.0,14.394680807342286,25.77,0
78.8163126495182,53.4623929192028,70.84421266056356,10.0,5.0,3.0,2.0,4.0,12.0,5.080243703139759,16.35,0
80.06403993112804,65.47042216196947,51.9756090218545,3.739883383241371,2.0,2.0,5.0,1.0,8.0,5.1646320586350285,60.12,1
68.821845508163,77.34731013632356,73.01943629183653,6.451579083425795,1.0,5.0,4.0,1.0,9.0,14.923666369098385,42.7,0
67.6859066389126,88.27169252466499,25.463783914746834,7.46081440261216,4.0,4.0,5.0,0.0,11.0,7.513657069767695,34.82,0
68.51162718270568,53.9364209863931,65.05063259895742,6.684617302484272,1.0,2.0,8.0,3.0,13.0,14.551809079324524,69.71,1
80.91678213567445,99.85377137919043,69.91731759264628,6.33030792122639,2.0,1.0,4.0,0.0,0.0,6.947940286237703,30.15,0
68.68523278769605,64.57752797914863,78.86405209306744,4.551175454831263,2.0,3.0,9.0,3.0,13.0,11.812657609876531,77.2,1
79.34662285344619,69.57265411303128,49.791560715611936,6.849180114410245,1.0,4.0,7.0,0.0,13.0,7.442887600107895,52.2,1
100.0,55.05576641704353,66.28530742105039,5.36485403447611,4.0,2.0,10.0,3.0,7.0,5.400938620648558,67.01,1
88.06687055147539,21.515194794541166,51.11863060910619,3.2151174425321702,1.0,3.0,7.0,0.0,15.0,18.65300678767359,77.81,1
70.10964701748239,87.680907927221,68.83075633511476,8.291888330770597,5.0,3.0,8.0,6.0,13.0,15.582310881799128,50.81,1
93.01820883245918,84.73687794184866,51.56980516455464,7.937578729763064,3.0,3.0,6.0,3.0,0.0,6.3667965853365995,38.93,0
68.87886940467673,64.37344885763574,58.87848741259669,6.57749146527662,5.0,1.0,8.0,5.0,15.0,9.108019815927808,62.94,1
44.428131972332196,71.33981434449744,50.062769078146566,6.843612032308554,3.0,5.0,3.0,0.0,17.0,17.3811339920564,38.45,0
59.87870533623894,80.31878435408198,74.76704362735485,8.111477019073343,2.0,3.0,10.0,1.0,6.0,5.05889792469239,56.9,1
46.938121184612164,38.74908286226915,77.87676674984998,6.836509485167124,4.0,4.0,10.0,4.0,14.0,5.329459815959558,77.52,1
69.72729773938038,59.418946453074106,61.480691450638794,7.856026332141972,1.0,2.0,1.0,5.0,16.0,12.350302361524273,40.75,0
75.27627568784328,85.88529359243654,65.57356992440043,6.053776698689225,4.0,4.0,6.0,5.0,18.0,21.352472801306103,53.57,1
100.0,44.914211536615014,43.27112878049684,8.46797560786092,1.0,1.0,1.0,0.0,12.0,10.269157759337247,20.59,0
79.90391060646245,75.87115864333259,60.50485027989819,6.981178588899025,5.0,1.0,9.0,4.0,8.0,15.249056197433504,56.57,1
71.71349206786704,42.8683639075319,64.24693074437383,6.7910779154088114,5.0,4.0,2.0,1.0,14.0,4.912801218556661,28.38,0
87.44108371775233,79.32859964867053,100.0,4.594908366931952,1.0,5.0,2.0,5.0,2.0,11.805261709680167,46.92,0
41.832970364881724,69.28717035405033,48.320494613387545,6.930433781452563,4.0,1.0,7.0,1.0,0.0,8.201926440742195,55.48,1
78.53421837162848,37.69736368188981,86.96265858128656,5.2520676237583235,1.0,1.0,2.0,3.0,15.0,19.333125393133745,50.17,1
86.5629779083045,93.29478708914343,79.95288160198712,5.542575910207258,2.0,4.0,10.0,7.0,7.0,17.993454222065655,77.87,1
52.821206313302376,55.308168464039014,69.20954606735205,5.2769365575258185,5.0,1.0,8.0,6.0,12.0,21.39708368425681,76.83,1
92.15631064810394,53.79495125971238,91.379307262927,4.900647602151162,2.0,5.0,6.0,7.0,7.0,6.52255355451296,69.8,1
80.07744611241621,74.01138394461886,70.58158208910294,9.687157104525443,5.0,5.0,7.0,7.0,16.0,10.177491037029709,42.74,0
68.77068129148797,92.9727469885743,70.83738793501894,8.497008592982604,5.0,5.0,7.0,4.0,13.0,11.875834621620307,38.66,0
84.49172799159427,49.68356362043206,64.20319020473681,9.380551253216392,3.0,2.0,6.0,6.0,6.0,6.717661818370578,48.04,0
100.0,71.23359699695943,83.35353323627942,4.665657470666654,2.0,5.0,10.0,2.0,14.0,10.655275998637014,67.71,1
77.72799382587743,78.57633000661146,81.44703850716326,6.6068806248663385,2.0,5.0,9.0,3.0,15.0,14.544890181794148,61.34,1
78.72330879450504,83.86211214526288,55.614840687556814,4.559738562193856,3.0,2.0,9.0,4.0,18.0,7.24817236134248,74.25,1
68.10958650689633,73.5288311055445,45.211292081018485,5.456457684204404,4.0,3.0,7.0,0.0,5.0,6.483217701314873,52.87,1
62.25233445802812,62.65944321833355,61.955290439065145,5.122809524875137,2.0,1.0,9.0,6.0,0.0,6.151721119150667,87.95,1
87.45503724816368,53.44819558702561,52.99942153403531,8.359376009662341,1.0,5.0,10.0,0.0,11.0,3.2814880760565615,57.41,1
62.15874261136699,71.7228776609275,64.04713138076967,5.90565548284736,3.0,1.0,3.0,1.0,17.0,14.269964335467588,39.54,0
76.07349355829089,48.557219760287865,83.56157202026209,8.102569000541024,2.0,4.0,3.0,7.0,15.0,6.471658321370598,47.85,0
67.83513829852325,11.572990330107856,58.14047517369815,7.406181334382777,4.0,1.0,1.0,5.0,11.0,5.944463348755999,44.58,0
82.18469738619588,78.73119608315335,64.35764928032637,9.955458128157183,2.0,2.0,5.0,6.0,19.0,12.645349175863702,38.83,0
80.00493157930423,88.07869682172391,65.87034102212593,4.280833665290414,5.0,1.0,4.0,2.0,12.0,9.94691989558743,40.67,0
90.56309916386849,22.741351289163234,77.72646323307927,8.388849859680198,1.0,1.0,2.0,0.0,7.0,7.372348199474516,26.66,0
67.3497540171788,49.805385905801245,31.29665999023092,8.219661305601091,3.0,1.0,9.0,4.0,0.0,14.05314405333001,69.21,1
70.95187597059943,82.38308522010395,55.89949557852055,5.039931742959448,5.0,3.0,3.0,6.0,6.0,7.172769340462883,49.85,0
60.31854426326539,100.0,68.16925538419208,8.01070000470974,4.0,3.0,8.0,6.0,14.0,0.0,55.33,1
68.33560109885832,70.41587415350816,83.00118434640292,7.004217444539343,5.0,4.0,6.0,5.0,12.0,16.666214943529067,47.99,0
80.65950739567279,55.43994117541731,57.621463287406925,6.158785610069888,5.0,2.0,5.0,5.0,12.0,5.859022621553358,51.97,1
86.35482924968028,66.3420711779032,36.85170940937189,5.264096769542,4.0,1.0,1.0,4.0,8.0,6.405229105723675,39.86,0
61.167520137335615,97.4975283829637,74.29567168949204,5.421335822826221,5.0,1.0,4.0,5.0,14.0,6.427314695109754,45.57,0
88.0440888015849,57.080716417509294,55.46956416761556,9.57471814367889,3.0,1.0,3.0,0.0,3.0,10.298004944873181,15.75,0
95.33456788207427,54.016159866994926,47.155000113644576,6.501024228436224,2.0,1.0,1.0,4.0,12.0,8.628787713968547,38.34,0
81.20152354835551,60.34512955635935,55.63481915430164,7.673195002297189,5.0,3.0,5.0,7.0,11.0,14.940355564290693,49.56,0
100.0,50.93342783482575,62.232119635162256,5.313650927498671,3.0,4.0,6.0,4.0,4.0,18.225569962552022,58.63,1
63.39316201344641,72.4534063198959,55.92883003192681,5.330220580667541,2.0,5.0,2.0,1.0,6.0,6.604002607838163,42.2,0
56.33017945032874,100.0,31.916509143513963,8.122977213874913,2.0,2.0,3.0,2.0,7.0,5.3099628798412475,35.04,0
48.319196266435824,76.46158546232058,78.45599295330697,4.475635682672702,5.0,1.0,6.0,6.0,4.0,7.390493126564149,68.28,1
97.44066467233775,64.95292995747425,84.12312561918083,5.877179348142093,3.0,4.0,4.0,1.0,8.0,12.195291456601517,33.15,0
84.81548484531086,64.16377462168911,74.77282987009258,6.551041116608348,5.0,5.0,9.0,2.0,13.0,9.418195156187092,51.65,1
74.16622993634317,38.73618382606686,47.93471494362775,6.667058902760079,4.0,4.0,5.0,4.0,11.0,7.497942448952429,55.88,1
79.19952939479731,87.66219554294318,61.97762699078723,6.231360072475765,2.0,3.0,4.0,6.0,3.0,3.514947516167685,52.88,1
58.11766429052435,68.44325605974396,64.90218027155812,7.093729671643885,5.0,5.0,2.0,5.0,19.0,0.0,37.12,0
100.0,66.39040172818748,73.98191584342865,7.5392836337267175,2.0,4.0,6.0,2.0,7.0,4.976412223992837,39.49,0
76.93831772962841,100.0,75.02510733077122,7.601956318188995,3.0,3.0,10.0,4.0,16.0,16.322079309259397,57.21,1
76.64092191907339,75.97505816731372,53.987393018322564,5.02129428699826,1.0,4.0,2.0,4.0,7.0,12.179963865320984,52.1,1
85.88649935848038,54.964178998096315,66.22993334620341,6.073767353106804,5.0,4.0,7.0,1.0,0.0,9.042323386312333,45.84,0
82.2151384760507,61.47284807588913,71.85920606922862,8.292144292815406,5.0,5.0,3.0,1.0,19.0,13.648933982786946,17.29,0
78.35826036418698,92.9689141839351,86.83733483220149,7.841970781360809,2.0,3.0,9.0,5.0,1.0,3.5605842244929047,57.29,1
63.142883168320324,72.26540821075528,75.56759809737085,4.440710822778405,3.0,1.0,5.0,7.0,3.0,10.28375025777811,71.04,1
82.07202535703993,41.234440433652665,76.83585031063278,7.027219850528303,4.0,2.0,8.0,3.0,0.0,1.0682243783002896,56.27,1
100.0,88.38457869150407,66.25739941894041,3.532662125937785,3.0,5.0,6.0,0.0,6.0,11.730095130767412,47.35,0
95.18130069232467,56.63711828922012,86.15688717805256,6.570402353090555,5.0,3.0,10.0,3.0,0.0,11.297575880227143,55.8,1
98.89779939959095,100.0,71.14644193939246,9.346650525118966,4.0,4.0,8.0,3.0,8.0,11.416541115943243,29.35,0
67.33176485353222,91.60096131429297,52.08368134739644,5.078160924096521,3.0,3.0,3.0,6.0,2.0,15.83809039979913,55.33,1
60.15592769612129,61.053562086824975,86.05054955187786,5.248515431762627,1.0,2.0,3.0,7.0,11.0,13.879973982645552,66.38,1
73.11319619850528,95.62032723470226,75.46854908808541,7.646044672359289,2.0,2.0,5.0,6.0,18.0,3.955431923363678,47.67,0
75.83587368433042,71.35711021054807,58.354339683072766,4.185797727185531,3.0,1.0,10.0,5.0,14.0,15.913596639403389,86.03,1
91.41287277706422,87.05547350244439,57.80760548901135,5.550867455172441,3.0,1.0,3.0,6.0,15.0,8.952740258406681,46.93,0
49.613030554277714,79.6946563458895,69.44863317711143,7.394661706372629,1.0,2.0,8.0,2.0,9.0,0.1492574916773286,62.01,1
97.9432547919092,53.07286690018253,71.94777192901377,5.548571228465895,5.0,5.0,10.0,5.0,5.0,9.456221875460976,69.17,1
72.62988152131516,57.12900335365076,67.95938398446809,6.146045019183543,2.0,5.0,8.0,5.0,16.0,13.235645450711726,73.33,1
68.5967839507887,90.59921635162323,69.66963010164328,7.616278565472552,3.0,4.0,2.0,4.0,16.0,4.930740515270239,29.68,0
59.81843437109749,63.304493357869184,90.49936061864571,7.132319125304842,4.0,1.0,4.0,4.0,18.0,16.664291218535944,41.73,0
50.177149922013456,61.927030735160066,81.07314728352328,6.900227594443103,3.0,4.0,10.0,4.0,17.0,5.383417204239186,74.25,1
87.34755875942872,50.89754841301294,67.85953386897536,5.991316581094942,2.0,1.0,1.0,0.0,10.0,7.594540212321897,28.32,0
76.09976950782605,78.47198131186923,79.11965871151224,7.055091672903433,3.0,2.0,4.0,2.0,6.0,6.676312321294654,33.65,0
55.65058650388419,100.0,49.512141447086904,6.314400979850365,1.0,5.0,4.0,2.0,9.0,1.4551189441009544,48.72,0
55.57381841904576,48.64934171491454,70.96890574920214,7.1867084148886775,3.0,5.0,10.0,4.0,6.0,5.034331886398177,75.65,1
69.96322951064808,70.48438913345517,92.13959524599665,5.754601962323033,3.0,2.0,9.0,3.0,4.0,6.440703477471151,64.58,1
100.0,98.24441110830858,61.729311569114394,6.226146538430688,4.0,4.0,3.0,0.0,11.0,9.349472330768084,17.34,0
71.10612972954593,68.40717217508569,52.28549107071373,5.015063311171979,1.0,4.0,2.0,3.0,15.0,0.0,52.29,1
52.45285570322841,79.04743592499467,55.21866667110409,6.447488584990646,1.0,3.0,9.0,1.0,17.0,13.582765116799141,69.36,1
71.31385403871083,48.75212943706241,48.655504439864174,5.283498704556733,3.0,1.0,9.0,2.0,2.0,13.533368507218356,74.55,1
70.90914645378494,78.56614194415297,53.22857137808445,4.82893032475701,4.0,4.0,1.0,2.0,19.0,15.907306227946888,34.95,0
34.546700355876425,66.25711469990902,59.442378521149564,6.887991721783083,3.0,2.0,6.0,3.0,14.0,2.541722609582994,61.5,1
74.18557700223282,89.71459991359725,43.91649471232037,6.819109663786491,3.0,4.0,10.0,0.0,4.0,8.53584290084082,56.53,1
71.53598204686983,93.74772103129501,65.23427500924404,7.6743106024228585,2.0,5.0,8.0,2.0,12.0,14.707178100747793,49.86,0
85.44309547220128,100.0,78.53415760679971,5.853311645637351,2.0,1.0,3.0,3.0,18.0,15.13747908863938,35.12,0
100.0,81.59266346427151,51.38365729779619,7.112079270255133,4.0,3.0,9.0,5.0,11.0,17.39465469126278,57.12,1
91.89847544321637,76.51592633164333,87.78925885462652,7.3261963584104945,5.0,1.0,2.0,5.0,4.0,10.513574872861051,22.34,0
70.96666964167754,73.88768603154672,72.66188132791392,7.1671607117473926,2.0,5.0,6.0,6.0,5.0,9.720130710290732,59.47,1
58.40211136887494,62.936674143786234,80.45870878436085,5.261519475796787,5.0,5.0,1.0,0.0,6.0,2.2102540190582998,25.89,0
100.0,76.76967686923382,55.132481692217944,6.724045223406783,1.0,5.0,7.0,3.0,9.0,15.324380971136549,54.44,1
75.88827651021732,64.09197179721941,77.81787840599924,7.046210444081992,2.0,5.0,3.0,6.0,15.0,7.698428791669764,47.94,0
75.2089393786942,73.36921952539228,48.6209914940703,6.510767700361913,2.0,2.0,7.0,5.0,7.0,10.16970488717865,66.46,1
74.63812369334995,96.3519507121592,78.35371251254763,3.3702835124433728,4.0,3.0,4.0,0.0,8.0,9.835852863780111,40.03,0
77.97127141151782,49.86914869440717,67.57759009690297,6.74073443596022,5.0,5.0,9.0,7.0,3.0,0.0,71.51,1
72.83459382114086,92.7975712225809,73.29876829977175,9.818796559095864,2.0,5.0,5.0,6.0,7.0,5.942721379816417,37.69,0
66.39506989679646,96.34230134679731,47.36608091562722,5.959941096864526,2.0,4.0,3.0,7.0,6.0,12.269406850182566,56.93,1
66.79711588139412,67.63862946017842,51.57395236585093,5.407884353217018,4.0,3.0,8.0,4.0,14.0,9.757070986094082,69.8,1
74.50870094676003,27.56290201982811,73.95842327380078,7.060022839567098,4.0,1.0,6.0,0.0,2.0,12.30911487918205,44.06,0
66.84862843299352,57.84356025811135,50.77477993663699,6.9685673156998575,5.0,3.0,2.0,1.0,16.0,13.919234701556924,27.73,0
64.30731325984253,95.93989093122218,71.94809438148684,8.289102748124622,1.0,3.0,3.0,4.0,10.0,5.883797096787596,36.03,0
76.59645341537845,69.54263875402236,44.49293290309632,4.613197766136668,1.0,3.0,8.0,6.0,8.0,7.424248596770974,87.15,1
71.17534173868717,50.01395535410178,77.72261319000002,7.5970703788624885,3.0,5.0,10.0,3.0,4.0,9.294064372205998,65.33,1
97.55989482874033,59.90450157543565,46.51215027847236,7.385633091877195,2.0,5.0,7.0,4.0,9.0,13.867494772720786,56.42,1
35.23545287410482,86.81240053009105,73.28449906519285,6.286780194589181,5.0,2.0,10.0,4.0,14.0,8.829509808965199,71.22,1
91.37260277883692,80.9346713640276,74.38446400469002,7.008030976882535,2.0,1.0,6.0,6.0,13.0,1.0945142298556192,53.45,1
93.69127788746444,65.22135801660612,54.54842272355638,8.044186222397535,5.0,4.0,1.0,3.0,3.0,9.009085643274663,15.5,0
43.89914651387776,62.663511763706246,73.7303985062709,7.808473070042675,5.0,3.0,9.0,3.0,19.0,13.666352254843524,59.11,1
69.85968608879477,62.16483701912356,68.90663395000334,4.785471031889407,5.0,1.0,3.0,5.0,1.0,16.78509711409149,50.49,1
69.42838701006313,51.55179631002995,56.91737215710893,7.730237280133227,2.0,1.0,5.0,1.0,11.0,11.402879620923867,44.75,0
53.88732457923268,100.0,49.871679738856876,6.402967092451222,4.0,2.0,7.0,3.0,0.0,2.5700166180035087,54.72,1
63.33274968613687,63.5535906157732,35.56061462491131,6.6093111470232735,2.0,4.0,7.0,2.0,19.0,7.968146270924681,63.83,1
58.34136231801257,94.34317041650993,70.2447507094954,6.6097954865025415,5.0,3.0,3.0,2.0,4.0,12.375285738446012,28.43,0
100.0,100.0,41.52795842956917,6.2746355168026104,3.0,4.0,4.0,1.0,5.0,14.331073790786355,29.88,0
89.03517589721191,89.9662179629592,66.43016299161962,8.287561245660598,1.0,2.0,10.0,0.0,10.0,12.535357936115723,47.98,0
94.07332642491238,61.367593745639034,61.048276758766264,6.3744230602261815,5.0,5.0,7.0,6.0,7.0,8.741962309759039,56.88,1
85.82508096064853,78.07460180673219,75.18714163157293,4.820680807425247,3.0,1.0,8.0,0.0,6.0,14.292577148878003,53.22,1
58.06422343174156,69.51608787218167,60.469317507652036,5.909705216045407,4.0,3.0,2.0,2.0,3.0,6.79717453702467,37.51,0
67.1321960058034,51.92596278539744,60.05828320479363,6.768042075215713,5.0,5.0,9.0,3.0,5.0,10.923245364370688,62.73,1
82.34061841841877,76.48718563443207,75.97806056432444,8.343822176445576,3.0,2.0,7.0,1.0,15.0,13.748937059533672,35.53,0
56.66808286662082,46.41920417680395,70.02587043626177,7.40464202742325,5.0,4.0,8.0,0.0,19.0,12.883179035017832,48.66,0
85.69497645258582,93.75358776923127,69.74233935774167,5.224197081879434,2.0,1.0,6.0,0.0,14.0,12.995474851126367,43.84,0
71.39511902762797,60.70765405403214,72.03901384712789,10.0,3.0,3.0,6.0,7.0,13.0,12.869574968100858,47.83,0
69.37768788675604,74.02319311745678,41.966418151893414,6.897162966466969,2.0,5.0,9.0,6.0,11.0,4.756530613536848,77.94,1
85.66439952305237,75.66575743092284,76.35183019980472,8.413086106998522,2.0,5.0,4.0,4.0,11.0,10.087787749649126,34.45,0
81.6639496722906,64.82190052591845,74.18703191020404,6.272428349634156,3.0,1.0,5.0,2.0,15.0,5.453772707789708,43.72,0
69.5855075127138,81.7338760295055,49.74975307135254,7.300038867058174,1.0,4.0,9.0,3.0,14.0,8.552629718235004,67.08,1
92.38994705046372,60.501926867549514,61.33879289488698,7.759202756777607,3.0,2.0,1.0,1.0,12.0,4.155800349979037,17.18,0
58.78405008600154,87.42594594914488,64.41039068558553,8.327292067631383,1.0,4.0,4.0,0.0,10.0,11.72483353175977,32.02,0
84.23903410416395,43.080406395065026,62.98254823397401,8.086052458067337,5.0,4.0,7.0,6.0,16.0,0.17424126409692775,54.13,1
83.89651886952575,72.52759159092824,70.00789949852802,7.808295500109467,5.0,4.0,9.0,4.0,14.0,13.086405963042326,50.63,1
70.35680341029014,100.0,86.47050172746775,6.027369903208837,3.0,1.0,10.0,2.0,13.0,10.076738939095156,59.02,1
79.89199533363177,49.993373507888506,81.22650091509243,5.642380937065908,5.0,1.0,6.0,2.0,9.0,19.51079822038767,47.26,0
56.23329635422046,56.44510058950297,45.31671209852891,6.998911265486297,4.0,2.0,8.0,6.0,11.0,8.976999239893942,73.7,1
88.86040528810352,80.2781569931783,74.33104985459073,7.899692108511604,2.0,4.0,9.0,7.0,15.0,8.975516514023424,64.85,1
72.22646795335517,73.59163563879196,84.93399979303115,6.165918948835089,2.0,1.0,10.0,1.0,14.0,13.412661412647036,63.41,1
67.1591546922144,77.01260198547118,70.80212781033804,8.09775794857158,1.0,2.0,4.0,0.0,9.0,9.267536427107796,32.2,0
90.73513838755333,79.78374260295327,81.3647063777895,8.67892511822927,5.0,2.0,1.0,1.0,3.0,11.37416403649961,0.0,0
64.4348446418586,82.6944293712354,95.18405668551148,5.125518621389871,1.0,4.0,8.0,6.0,8.0,14.972000210442902,77.32,1
53.873080554546604,92.19399683912447,80.35564319160471,5.24461894430558,2.0,3.0,2.0,6.0,19.0,8.6624258117956,52.48,1
51.65056239714144,78.19637313857025,68.73962893462593,6.2894374116419955,2.0,4.0,1.0,1.0,8.0,15.976300845157336,33.2,0
84.0901492701846,65.17484690762915,80.6763271112713,6.961419002283795,5.0,3.0,7.0,5.0,19.0,1.6043307224269192,49.68,0
55.793559712555755,83.45147402405462,67.17331749645336,5.713149479349424,4.0,2.0,10.0,4.0,10.0,18.017399381774123,73.56,1
100.0,100.0,65.35854564927433,8.528304018300716,4.0,1.0,9.0,2.0,10.0,1.0591695927733351,35.08,0
43.77105888174417,67.34732507234853,59.72878646429401,7.136100292277677,5.0,5.0,9.0,5.0,6.0,16.760936558487593,69.76,1
100.0,50.50941390658717,88.45120038248163,6.55917057236111,5.0,2.0,3.0,3.0,9.0,0.6676876584789895,27.3,0
78.16526200803928,92.14161338573945,52.72357001086998,4.346135714197208,1.0,1.0,6.0,2.0,3.0,19.902920592048943,62.14,1
73.54930332194411,67.59237672092803,87.98551587017174,4.5262762753587396,5.0,2.0,7.0,2.0,4.0,10.804381067899454,53.94,1
66.82621369786575,26.546609079719275,72.49796185610558,6.9215138754227095,4.0,4.0,10.0,4.0,4.0,5.275578837080745,75.35,1
80.98704171528107,86.94843354300843,44.01040737797088,3.301106560767746,5.0,3.0,9.0,3.0,10.0,19.325598834275702,72.08,1
74.43547946362727,59.29343628092155,70.51473939487133,8.018956114466107,1.0,2.0,2.0,0.0,8.0,4.5556496380367895,26.31,0
91.54952823024783,68.18933435391679,33.49960238522564,6.26276923344152,1.0,1.0,8.0,3.0,15.0,8.863230602567267,67.93,1
76.71341472993059,76.63960661138029,74.38262025246553,10.0,1.0,4.0,7.0,0.0,8.0,23.023561454896786,31.84,0
77.25452642192816,73.80999359558133,78.27847224483486,9.961874375924166,1.0,5.0,4.0,7.0,3.0,11.977690772554546,40.95,0
69.54581681679217,84.1890363427808,56.1146606652192,6.227826396128725,3.0,4.0,2.0,7.0,1.0,0.0,48.86,0
74.14581564418398,61.29027258860313,66.85321543933374,6.340494496203028,5.0,3.0,8.0,3.0,13.0,8.633538913135068,56.17,1
79.6170265333809,80.26211596352165,94.31236150625429,7.993372271003045,2.0,4.0,5.0,1.0,2.0,8.191202687454705,29.41,0
49.347474110150614,64.80906644832166,57.41379943607095,9.054758914877056,5.0,5.0,6.0,6.0,17.0,10.942584382820849,50.47,1
54.77721866841431,84.77620961775006,49.11638619415099,4.042956413845975,3.0,1.0,7.0,3.0,5.0,9.77778514069355,72.6,1
86.14896141034072,82.30734968026107,87.22495103693899,3.82043680196797,1.0,2.0,10.0,5.0,10.0,12.729252489167967,84.74,1
77.56298157191912,51.29122595910809,94.43880785796192,5.566947791668428,3.0,3.0,1.0,5.0,17.0,2.3597287460403287,40.92,0
72.24024995470981,91.71964232350064,65.0554350777177,7.374106374760797,4.0,5.0,8.0,4.0,11.0,7.260484799072484,51.63,1
75.27650899598089,59.28073109771904,80.17194553112535,7.245310385761396,4.0,3.0,4.0,6.0,4.0,11.559218160159503,45.68,0
80.21372558042506,86.1611559656229,85.12213873296321,8.104657182475776,5.0,4.0,9.0,6.0,8.0,6.189290962817117,51.08,1
66.90360479535957,77.34574626802682,53.86273651192424,4.700453707452038,5.0,3.0,1.0,0.0,19.0,15.479717917289733,27.69,0
63.32542911896531,100.0,57.72041246948198,3.0257842055466853,2.0,5.0,2.0,2.0,17.0,6.289315787326192,51.04,1
77.93767882646523,65.53068035256295,83.46311769732102,7.787021292953218,2.0,2.0,6.0,4.0,18.0,10.716645446683293,48.59,0
60.32440833577452,63.01366407763605,90.27521418062764,5.257705590552148,4.0,2.0,10.0,5.0,2.0,9.475215174453883,78.36,1
81.12379133571707,69.61160788224535,73.44321290261533,3.472268203417043,1.0,3.0,1.0,5.0,8.0,4.926595632163384,56.12,1
49.46124593643239,63.93640434331449,51.802784697469185,6.717595618939073,3.0,1.0,4.0,7.0,3.0,10.302454976057877,64.25,1
90.43733455988465,85.998838038841,94.80591667549162,7.689763532328016,2.0,3.0,8.0,0.0,16.0,3.4403392255796046,36.05,0
82.08896223619564,37.67378783126824,57.03543653282053,6.316914301818084,2.0,4.0,10.0,5.0,16.0,7.781943866126991,83.72,1
78.84044601470814,48.92635161707292,59.97293328242822,5.813227420726266,1.0,2.0,5.0,5.0,1.0,10.151370772476525,67.23,1
89.74036475918271,48.64394156841614,70.13506751734432,6.26095665178114,1.0,2.0,9.0,0.0,8.0,2.8633090546332145,61.75,1
99.98211666693865,89.00615183947151,88.31240631072161,5.944125856398825,5.0,2.0,6.0,5.0,8.0,13.117508204602611,40.81,0
90.21555097527195,100.0,77.80963964828335,4.477929332089749,3.0,1.0,1.0,2.0,4.0,11.301873342547307,26.84,0
47.38688653002532,67.91101562925057,71.22298250542866,5.427978984514352,1.0,1.0,6.0,1.0,14.0,12.660003881443624,63.5,1
55.806345498964475,66.62356553619979,71.9493279517716,7.281919857520721,2.0,5.0,6.0,4.0,14.0,10.012345380700266,58.24,1
65.62772133456482,71.40104326226363,65.65272002965199,6.98251781206475,2.0,3.0,6.0,2.0,2.0,4.24658209354112,51.21,1
75.3913657531625,93.23756605216381,73.37209271777759,6.752089708950231,4.0,3.0,8.0,2.0,18.0,9.999635740437618,46.36,0
82.76488530703685,51.45293731618852,27.056598834585458,5.007277277219931,1.0,4.0,6.0,1.0,2.0,13.11548541824712,66.71,1
64.11384280269802,74.7673796546957,60.55088811395302,6.227745256796499,5.0,2.0,5.0,7.0,5.0,4.0484560526686755,57.5,1
77.80150146715617,89.5039525956486,68.61982902375172,3.234402430335718,3.0,1.0,2.0,6.0,3.0,4.445869917060275,55.88,1
63.66925601470016,80.0218833987969,47.73478874570739,6.767714995828085,5.0,4.0,4.0,4.0,12.0,8.769578070244453,42.67,0
65.82723295512078,73.79163233197487,70.7948497671734,8.643286561720352,2.0,4.0,10.0,7.0,12.0,8.143352324838366,72.78,1
53.900083547276665,90.02092185134282,61.932931685208175,4.288801801936842,5.0,1.0,5.0,7.0,10.0,9.91918082690617,66.57,1
61.151501308336435,15.935354140015257,91.33213547473235,5.621108490023367,2.0,3.0,10.0,2.0,4.0,8.541510271480265,82.63,1
54.724730915754996,83.55750639061816,88.59529587822284,6.993660168065194,2.0,2.0,4.0,5.0,0.0,10.799997728985938,48.99,0
60.36190120534001,56.918486337451526,58.012916463227555,8.379263951641226,2.0,3.0,2.0,7.0,8.0,16.109090097246792,48.56,0
90.80462694911759,33.387342062870864,62.73743432649957,5.827663075549776,2.0,4.0,7.0,1.0,16.0,12.691941942986787,59.8,1
60.759016667520854,80.22405199049962,63.89078651587411,5.461624506101155,2.0,2.0,10.0,6.0,0.0,10.280758271682087,86.82,1
100.0,97.47317090325916,58.22510785760566,3.546615286375875,4.0,5.0,10.0,4.0,2.0,4.466442265271139,71.86,1
82.39976851321333,67.25102970744616,67.9253747604219,6.655157193962159,5.0,4.0,2.0,3.0,14.0,6.390067061122302,26.94,0
77.77254185542311,89.05749094405877,53.625768966686145,9.563114060215616,4.0,3.0,1.0,0.0,9.0,14.208670895234224,1.14,0
62.1246332972818,100.0,48.04076997593711,6.916037692947014,4.0,3.0,5.0,5.0,7.0,7.657573030708414,48.32,0
85.50464819113488,96.29828907168095,74.34066835850403,6.46658153122443,1.0,3.0,1.0,1.0,11.0,5.161239357531437,22.3,0
66.36543260643339,100.0,74.44294376332716,6.983123466150478,1.0,1.0,1.0,0.0,14.0,20.49016559389397,20.74,0
76.83014721968043,84.84254982143784,52.93526360510012,6.483361994077097,1.0,4.0,1.0,6.0,8.0,17.62229686963338,45.07,0
100.0,71.50867277803185,78.430331461439,5.280478441609805,3.0,2.0,6.0,6.0,9.0,9.377732904335724,58.24,1
73.55910150413025,37.96068376205663,55.52633406252003,7.734919873516558,1.0,3.0,9.0,3.0,19.0,4.586677492156305,71.84,1
92.23909989428513,65.07875023740102,68.79747857056972,6.838642284667632,5.0,3.0,10.0,7.0,8.0,13.616794236364736,68.21,1
64.45235362311169,53.13506809367617,77.30516018918684,6.526419877900486,4.0,1.0,1.0,2.0,14.0,7.54966000835438,29.51,0
74.47517264254557,100.0,64.49581152944431,5.036950959082625,5.0,2.0,5.0,2.0,0.0,14.442663814060241,40.09,0
100.0,66.48228375135326,71.82111368211702,8.455261897902139,1.0,4.0,9.0,4.0,1.0,7.554732946186864,56.35,1
65.5954941331835,72.46409613568972,57.25355534168642,7.497054117999665,3.0,5.0,9.0,1.0,18.0,18.22697783947628,55.73,1
100.0,81.02970752080935,62.05300124857854,5.670618743949047,3.0,1.0,1.0,1.0,13.0,7.406291843020762,21.55,0
85.61627903183214,70.87204892744907,61.9121085367949,8.002737280522906,4.0,4.0,8.0,7.0,7.0,21.823667423017994,58.84,1
66.56299836158598,100.0,53.80132480189641,5.753643742422189,5.0,5.0,1.0,6.0,5.0,10.975288924398408,36.05,0
84.48611608583282,57.54701276531096,62.348387553263265,5.326994761233444,2.0,3.0,8.0,4.0,11.0,16.921528170272197,72.21,1
89.58831674440094,73.89214910474486,41.7707255170438,5.360445323779569,5.0,3.0,1.0,7.0,14.0,7.2994982049506625,42.34,0
84.32714943325794,55.15058828603904,57.63269379286843,3.8433971703678633,1.0,2.0,5.0,0.0,13.0,3.4432487399590954,59.75,1
51.446629201643155,43.599549775585885,60.726867599454934,7.207313570627308,2.0,5.0,8.0,2.0,0.0,0.0,68.07,1
64.09294236262697,57.76461818189429,61.1573037125693,3.7532826824924745,3.0,3.0,6.0,2.0,10.0,16.38301919040016,68.28,1
71.28722046672743,69.25926405903176,61.377538311938316,4.6573342531013555,4.0,3.0,9.0,6.0,2.0,10.340069549880205,80.73,1
73.8834985634993,61.4139555096548,64.07353700209806,3.3866179863822,4.0,2.0,1.0,1.0,18.0,3.7621227473914596,40.27,0
84.31008146326018,56.15158040252288,72.19162277129095,6.37089546081366,3.0,4.0,9.0,6.0,17.0,16.591015255429276,72.84,1
77.66551501399881,41.873650726563326,78.11775611198783,6.274519309592192,1.0,3.0,1.0,7.0,19.0,15.779970083804134,53.8,1
54.96983461934848,68.3378885474261,55.25352159727599,6.009955680220454,3.0,1.0,10.0,1.0,1.0,16.911929201852676,71.07,1
80.70296776508945,39.90559251937995,46.951987169162834,4.936133457994136,1.0,1.0,10.0,4.0,6.0,3.3010698577857047,92.11,1
84.15878617925735,85.20111927379205,49.36933381635345,4.74164936984504,2.0,4.0,3.0,7.0,7.0,16.23205650522877,60.54,1
83.3968567189656,71.64879505869007,57.69195618207609,7.196554795319861,3.0,5.0,1.0,3.0,18.0,11.920209878377714,26.64,0
91.21171088331933,40.84897001070139,59.72118023275236,5.674172102437268,1.0,2.0,3.0,0.0,14.0,17.13811518653788,43.29,0
87.50883231823356,63.81581845900273,53.45005900703814,6.974537482304217,2.0,1.0,2.0,5.0,9.0,12.713655822721911,42.05,0
81.88770118842655,54.95687188818834,45.55825003625158,5.172126970813666,3.0,1.0,2.0,3.0,0.0,10.86507781423819,46.46,0
73.94751432812029,76.3834902083836,58.15818758788718,6.771594114156623,4.0,4.0,9.0,7.0,5.0,16.299926172311093,71.48,1
50.085585997260125,96.80900892046289,67.72139930170957,8.454917055974096,3.0,5.0,8.0,3.0,12.0,14.259497190921582,50.33,1
81.44427328698879,32.49655060708511,73.92544198753347,7.379248700589175,5.0,5.0,1.0,1.0,13.0,15.408827993865165,19.55,0
78.11531530744666,72.30052158294835,56.63865420337518,5.88137927267528,3.0,4.0,4.0,1.0,2.0,7.559762996746061,40.68,0
79.0736825579306,66.79734408866719,58.80503266784849,6.885798455533891,5.0,1.0,1.0,1.0,10.0,9.137953130027608,18.01,0
55.84877136269536,83.42680152900931,51.09952536729034,6.1390022382046805,2.0,2.0,1.0,3.0,2.0,1.3309320387666794,40.56,0
58.784151893876064,74.26393256475379,64.52841244437835,6.5118202770420925,3.0,1.0,4.0,6.0,18.0,7.199379654667025,55.91,1
90.79729279999356,54.96061336522362,52.27357048713778,6.011583421777244,2.0,5.0,2.0,0.0,9.0,13.951967693194847,32.92,0
74.40667269215018,63.618921286667636,73.596917198618,6.253497191171913,2.0,1.0,3.0,6.0,14.0,12.82093908799194,53.04,1
85.22251046058936,54.079482863930224,38.21200262098833,6.818140029611262,1.0,2.0,9.0,1.0,10.0,5.1023394503484685,66.84,1
75.42477564195691,91.52014277197196,59.60555491321306,5.0099619506270745,2.0,3.0,2.0,7.0,14.0,16.411727101175465,54.53,1
75.44634209243618,70.42623297343884,69.51661008787613,4.976181759515033,2.0,1.0,4.0,7.0,12.0,24.865376426851427,65.52,1
89.07425708963997,100.0,67.75751774483757,4.417186169253183,3.0,4.0,1.0,2.0,4.0,5.48637772710678,28.96,0
67.25932907673939,68.78678372370759,100.0,4.099593343244435,3.0,3.0,2.0,6.0,3.0,8.970590989780646,53.61,1
76.44181165411474,55.831864661790746,70.24700036851861,4.674075961669281,4.0,4.0,5.0,0.0,12.0,6.892022872242871,46.43,0
68.06587066942436,39.72571214774346,49.93918104736984,6.739193760206193,1.0,4.0,10.0,7.0,8.0,9.525571219034624,94.86,1
68.48255658851527,33.9372064748811,63.5680362936639,5.160818726762174,2.0,4.0,1.0,2.0,16.0,11.369530002409114,47.38,0
70.3624181479704,38.317281139890206,38.356304998003225,7.270421696346644,1.0,1.0,7.0,0.0,1.0,6.513335307062369,60.37,1
78.3320065745057,75.34253302022967,63.791003760548584,6.552070623128842,5.0,5.0,4.0,1.0,4.0,8.615401029640832,29.5,0
67.81877067504784,80.17450046459868,52.50415914498862,3.5472436798429197,2.0,3.0,6.0,6.0,15.0,10.43621599296388,80.29,1
93.83634188360281,38.37618595935733,78.73085413340243,7.482463376332535,1.0,2.0,8.0,5.0,6.0,12.358009830037762,66.42,1
61.580890466707444,87.90076628152231,56.756895881066974,7.716197968387565,4.0,5.0,6.0,4.0,0.0,17.3324645249267,46.55,0
72.19692533757961,60.33877896633121,63.2485112630713,5.00920598774772,4.0,1.0,2.0,1.0,11.0,9.92760570667625,36.89,0
68.40403412588738,72.93586023971099,55.46663237893395,7.130287314342487,2.0,4.0,1.0,7.0,10.0,7.1908218240517074,45.95,0
96.704668265306,100.0,91.08277027779997,5.215252643886202,5.0,2.0,8.0,3.0,11.0,13.481695738494386,44.69,0
77.94832164767362,87.93678631731063,60.18135850823133,6.646505565122503,4.0,3.0,8.0,5.0,18.0,12.000864394864045,58.38,1
90.47766809202952,64.62938704188335,92.48835565218803,4.603252389567551,4.0,5.0,9.0,3.0,11.0,9.035862020876353,63.32,1
52.716594404445416,52.17615549169425,77.212276431774,3.810340321198135,5.0,5.0,6.0,0.0,11.0,12.425083624134134,57.46,1
79.00575398803889,26.9636919734139,72.23100091003079,5.925774215580547,1.0,2.0,1.0,3.0,13.0,8.08425710637078,47.01,0
88.34446193435156,55.616933615151595,70.5309972097628,6.314406580587746,4.0,1.0,9.0,5.0,1.0,7.348079904727836,66.42,1
76.23425983913137,65.7773952234461,70.90695947324377,5.903480459578094,3.0,3.0,3.0,5.0,1.0,0.5034142260342058,48.26,0
90.98220562598027,50.25640945697632,36.08491130981585,4.7239541626661605,4.0,2.0,6.0,1.0,3.0,8.360384463022111,55.86,1
67.24067324849442,67.3748606581539,60.81674908773865,5.900151406803294,1.0,4.0,10.0,2.0,19.0,1.1873850957473024,76.96,1
96.1402116027837,71.53703765917537,77.67736956776483,6.903942128871101,1.0,3.0,10.0,1.0,15.0,6.802980755820151,58.2,1
100.0,65.50288036383843,64.26654224788842,6.432660454816195,2.0,5.0,9.0,0.0,9.0,12.89740368298661,52.77,1
69.55742159340511,56.99994838353081,43.922152297946376,6.77375154589882,3.0,2.0,3.0,7.0,12.0,2.474151630822,57.46,1
68.31746217898842,73.37309343933455,64.21393324133795,5.49482719931865,1.0,5.0,5.0,3.0,1.0,9.050775279168171,59.87,1
96.80076715676552,78.83881299138818,90.56158274383236,8.257576872074239,5.0,5.0,5.0,2.0,2.0,10.327368338836497,18.55,0
98.69358218596068,48.19201845114308,83.70337573302079,4.73573999516783,3.0,5.0,10.0,6.0,18.0,8.807028978343832,81.36,1
67.15709959270097,98.2186475949254,64.06993985950952,7.231340445630078,3.0,1.0,7.0,4.0,5.0,7.593325863797531,51.46,1
68.69719774356214,68.02823735431477,79.2717391558713,8.272836639439943,5.0,5.0,4.0,5.0,18.0,11.626944067763192,34.49,0
70.7732308670924,70.37699245889695,59.50239469447922,7.221362139123343,4.0,4.0,4.0,2.0,19.0,12.320496002833016,35.73,0
54.833242334485846,84.16428846513114,39.441926197599216,6.196213659402755,5.0,4.0,7.0,7.0,18.0,10.007630642698146,69.37,1
61.220220802737025,74.66432262527003,51.133010178056686,5.707554430005532,5.0,3.0,9.0,6.0,7.0,7.87119541098536,75.41,1
59.93788849871898,89.0627326782649,88.44333152762297,8.054131476569385,4.0,5.0,4.0,2.0,13.0,14.323679665250541,26.12,0
63.483036523438074,75.74248330403648,60.89010377256044,4.365537612107491,4.0,5.0,4.0,1.0,9.0,3.4462996987587466,47.65,0
74.47972668919829,57.75125250719124,61.34924030937473,5.044813609430534,4.0,2.0,6.0,6.0,2.0,13.436892792376103,68.2,1
78.5132209880478,77.23007050412204,60.502427055876794,5.903663351762418,4.0,1.0,6.0,4.0,5.0,12.098471956608279,53.0,1
98.25750739221115,47.125475853586764,93.56204884359511,8.356480636267998,4.0,3.0,7.0,7.0,14.0,10.995134219066346,49.84,0
60.024689388918134,72.17119411553047,89.38938373043095,7.0696514540613435,5.0,5.0,1.0,5.0,17.0,9.950522521366779,28.27,0
89.76483597714875,69.33540018711078,98.281703501722,5.047931362234632,2.0,2.0,3.0,7.0,13.0,0.5501560054382573,53.38,1
71.79016733661737,65.83766285454921,62.61432184399923,6.034538441922645,2.0,1.0,9.0,0.0,18.0,16.93676181005864,62.06,1
74.2580443552135,67.42924977122138,69.43436733120643,5.578515283855558,1.0,3.0,6.0,0.0,9.0,14.193355244425955,53.32,1
85.12229238249905,32.36301909004722,42.25036175868813,5.435316511649697,2.0,3.0,6.0,2.0,14.0,5.193049120528471,65.51,1
58.159169676565526,59.02550184518077,87.15401639177412,7.968334337835168,2.0,5.0,5.0,6.0,3.0,13.794048425078108,55.43,1
80.73614619276076,71.85689802282229,47.48330673098097,4.442385306104741,5.0,3.0,3.0,2.0,1.0,10.944198497618101,41.69,0
77.49678312319584,73.19712783994801,68.25163345643944,8.91317128360156,4.0,2.0,5.0,3.0,2.0,7.084989852717747,30.67,0
82.38676896012224,49.44649718148084,48.54046208550734,7.742344535276934,4.0,3.0,1.0,4.0,6.0,15.958968586947737,30.01,0
79.33752965861727,95.31415681729402,56.16699759891956,8.136292505905548,5.0,4.0,3.0,5.0,15.0,7.845803705795653,26.45,0
100.0,52.676503035709985,52.441063534254496,5.805590731962113,2.0,2.0,4.0,2.0,9.0,16.7806329979811,46.19,0
65.43390023623026,89.38914401053474,55.881871089862734,6.275088921381336,5.0,1.0,5.0,3.0,18.0,12.671401824750639,42.59,0
67.03504567497274,78.5438872374337,56.91315945276532,4.350272278212932,1.0,1.0,10.0,6.0,16.0,14.78279363212177,95.26,1
65.65289210362853,57.075453803123935,56.775968076123846,5.713006389399796,4.0,5.0,9.0,4.0,18.0,12.895426865367238,73.93,1
66.66784321259618,100.0,77.50000867670461,7.240482271464726,3.0,5.0,4.0,5.0,4.0,12.66365393879771,40.07,0
65.43919309040223,46.1272633648704,48.4270581040622,8.444094592672094,1.0,4.0,3.0,0.0,19.0,11.076152158232166,36.47,0
92.83524796661328,88.38308347220003,68.308121405208,4.839264774796322,1.0,1.0,10.0,3.0,12.0,6.365905264723655,73.51,1
96.30756371984782,90.01164636085957,83.26938728458337,5.951741094522101,5.0,1.0,1.0,6.0,12.0,10.31262861172404,25.12,0
66.43880559375785,56.5875958184671,57.30205453229906,6.273051169651216,2.0,1.0,10.0,4.0,10.0,14.581954220205837,81.01,1
62.51466640343657,97.84930600128658,54.23121663878597,4.4063161967112725,4.0,1.0,6.0,3.0,10.0,13.596298557928083,58.35,1
82.07123334579606,64.99906970802094,61.542130622296234,7.387023862637601,3.0,3.0,7.0,2.0,15.0,12.506267324301488,47.95,0
66.71665433578544,75.77387258559715,82.69587812541064,5.414014502386086,1.0,2.0,10.0,1.0,14.0,0.0,71.51,1
84.49397726633266,75.20643677542441,67.91161446430037,6.206914473234464,3.0,2.0,8.0,0.0,16.0,8.93387940546371,48.25,0
78.04384531276949,67.31382517058904,57.03178558088602,5.822075942132184,2.0,4.0,1.0,2.0,17.0,8.408553893250986,35.89,0
52.26383827504152,86.21616546319564,72.2581497678206,5.3159922414204885,2.0,3.0,4.0,2.0,18.0,4.483712159691936,50.93,1
98.21257801995093,85.86977441104426,48.46561775245365,6.489432521779168,3.0,1.0,5.0,6.0,3.0,14.518788105686337,50.2,1
100.0,35.029360535236385,75.22039265664422,6.176585632147966,4.0,1.0,2.0,6.0,4.0,0.0,42.41,0
65.80816964273421,96.08680485756305,71.12910961552652,5.942213176582001,2.0,5.0,1.0,4.0,6.0,14.183178739506562,36.49,0
69.18447660096024,36.750160239286515,60.38287293291674,5.407307567479486,3.0,5.0,8.0,6.0,1.0,16.646191247016148,83.18,1
79.28798086087357,90.65092408683314,52.421213023291536,6.979287006174433,1.0,4.0,6.0,3.0,0.0,8.950791308655656,51.95,1
80.01685184980538,92.53410273655166,51.69978616574814,8.980425902738428,3.0,1.0,5.0,0.0,11.0,9.628305280111594,22.25,0
84.87816409009245,48.18067139569604,73.02226004518866,6.709830849258691,3.0,4.0,9.0,2.0,9.0,14.837796178466693,60.37,1
100.0,61.7837142409083,83.43470753733592,7.994177322366694,5.0,3.0,2.0,4.0,7.0,6.18172673287834,17.54,0
72.34579158758926,47.88590663028128,55.44038379456808,4.414667112269806,2.0,2.0,10.0,7.0,0.0,13.303882383862282,100.0,1
63.02554133192319,65.70157939422529,71.87580055327226,6.736642158940654,4.0,1.0,8.0,7.0,11.0,5.410928261617837,70.45,1
54.31021157978209,63.839314316285176,33.694594720968965,4.8539475215434,4.0,3.0,10.0,0.0,1.0,3.9127904719031648,75.18,1
64.0360494008712,85.59321064538679,56.23073404014201,4.284612608702147,5.0,1.0,9.0,6.0,9.0,11.479953633249348,78.9,1
74.50309540689304,96.20617492239217,64.53411600693647,5.390942888811446,4.0,5.0,1.0,6.0,16.0,9.86656509352732,38.05,0
100.0,97.91367621579911,51.354748745272495,8.287849001620359,3.0,4.0,7.0,3.0,2.0,1.3949784441450994,36.81,0
67.23583051445743,58.75663946843396,50.95240437815606,7.925023743004468,5.0,5.0,8.0,6.0,6.0,17.076554762098112,61.92,1
78.35681927458347,65.81556252510944,54.983306652966704,6.8645070830816,1.0,2.0,3.0,7.0,11.0,7.926414808081782,57.38,1
74.75365655890872,36.331236155580996,69.38289092489559,4.200949160165104,2.0,5.0,4.0,2.0,7.0,12.553399596795263,61.37,1
92.82589910172126,53.88259867007622,62.19006472390438,6.205579022918095,2.0,1.0,3.0,7.0,19.0,18.025916256665752,55.35,1
100.0,89.29703266194915,31.42653150012542,6.952550013352603,2.0,5.0,7.0,5.0,11.0,11.238021881396811,57.37,1
67.03696840619519,100.0,33.18949771047401,6.763304344367897,3.0,1.0,9.0,2.0,2.0,16.366460329335453,60.17,1
67.65840836222667,45.31302256240156,55.89702233214237,3.7343096247788816,1.0,2.0,3.0,2.0,16.0,5.684729768275088,64.73,1
90.66241315603608,58.15071481694211,71.86529879080328,5.164523227970192,5.0,5.0,6.0,6.0,8.0,17.10492676915024,58.82,1
85.22837234439467,69.47188486082146,23.78742735912148,6.403883353776925,5.0,4.0,8.0,0.0,9.0,5.870677520084383,48.85,0
100.0,75.60322317639213,57.50404735772554,7.304436364275785,2.0,4.0,6.0,6.0,5.0,7.1442925618590944,53.41,1
83.75892277988946,53.80792960156708,57.106282152238684,3.20580826835008,1.0,4.0,2.0,0.0,0.0,2.7266729450622833,51.36,1
69.61061863819411,78.48122088928179,85.82506667312671,6.256814036780212,1.0,5.0,7.0,0.0,11.0,11.342122774579709,50.39,1
83.85982246038463,60.523213058581675,59.22467282430705,6.714573154818429,1.0,5.0,2.0,7.0,4.0,13.15463757171463,53.15,1
91.63055370874362,69.71095458243441,70.74483477111393,7.774417982774319,4.0,5.0,2.0,0.0,12.0,13.834041926967597,12.0,0
87.30723271796046,80.925684960074,67.11885710131195,7.539286376356155,4.0,1.0,2.0,4.0,14.0,2.8420687014230754,24.66,0
82.60911046660947,70.12844539621875,33.04150280289199,7.373856978213208,2.0,2.0,1.0,1.0,10.0,11.874881232315158,26.96,0
91.00012034383731,61.272282189468626,76.52310824947605,5.3000892399470985,1.0,4.0,1.0,6.0,7.0,12.059911840043544,48.65,0
92.5394338566851,67.80780392148338,68.23094758184432,3.637996794315039,1.0,1.0,7.0,4.0,4.0,13.07385854787964,74.73,1
95.7323848655629,68.2327408158933,72.62402959511884,5.910420864407898,5.0,4.0,5.0,2.0,1.0,6.136356067157495,35.5,0
84.73064831384464,62.59977940235745,100.0,8.00244773781284,5.0,1.0,3.0,4.0,11.0,0.0,22.71,0
72.49322879524719,64.82407874665795,33.73830590752117,8.590181791286646,2.0,5.0,1.0,3.0,1.0,13.532394520016904,30.39,0
77.20070529649985,100.0,90.87044974641663,7.565823653446678,1.0,4.0,10.0,5.0,15.0,9.270851825485297,64.0,1
93.09763449762535,81.21838895882478,60.688287208994666,7.144011234202601,2.0,5.0,6.0,0.0,2.0,11.40120552854844,36.19,0
62.74596493519146,64.09039363941679,69.30993356604515,7.069459472578949,5.0,4.0,1.0,6.0,9.0,9.526964816050864,35.28,0
80.53009963309351,83.93908809021471,64.31731632048137,5.665821879858829,5.0,3.0,9.0,3.0,18.0,11.172511235134396,57.81,1
69.09991781508958,63.3236102048798,58.63645499902935,6.30490955966957,4.0,1.0,2.0,6.0,7.0,13.685596470946276,46.36,0
75.43117234402226,93.46249275173282,56.452506076418615,9.003604288739496,2.0,3.0,1.0,7.0,6.0,0.7148914522880396,30.45,0
94.17677793910948,77.39284384396188,69.94263103359513,5.086162991312186,2.0,1.0,7.0,5.0,0.0,15.7051013811964,64.82,1
77.86648602029855,67.85395711991542,42.24239454992481,8.922168186064777,1.0,2.0,6.0,3.0,11.0,9.089287521647895,48.65,0
75.69654822234223,78.95433851620555,76.25868751282648,6.016957768261912,1.0,4.0,6.0,6.0,4.0,18.135371342379997,65.53,1
54.60215788530121,38.58247695863001,58.757083926721194,8.488148163642618,4.0,2.0,5.0,2.0,15.0,7.702722923074084,43.98,0
86.19380349040831,47.4646506218039,48.04895991439463,4.389777485753693,3.0,2.0,4.0,0.0,3.0,6.592010937062939,49.44,0
84.68226271711613,46.12149987201889,58.24980713006279,7.378856301746974,3.0,1.0,4.0,3.0,16.0,9.258302961045413,42.56,0
100.0,72.85886189527413,83.8572382529386,5.3948447960785675,3.0,3.0,3.0,2.0,1.0,12.499935204659213,32.38,0
70.38332647570499,100.0,56.96997369475665,4.377099212113719,2.0,5.0,10.0,0.0,11.0,8.628237241684776,68.77,1
78.28725491495908,100.0,70.3768042731443,6.827801063616419,2.0,1.0,8.0,1.0,0.0,12.862566438127615,47.36,0
78.74075525566133,82.76102202881515,54.0356558642679,8.014207682893954,5.0,5.0,7.0,2.0,11.0,8.064370474702244,37.13,0
98.66179919645211,80.01688949888914,76.3688277488543,5.232587842109755,2.0,2.0,9.0,4.0,11.0,10.174461090055518,66.49,1
73.57056701419572,33.97884531694522,75.28261608185306,4.251476059312398,2.0,5.0,1.0,6.0,11.0,21.182764745223523,61.0,1
79.18532288655508,59.14652400531956,92.72913249944617,6.362232853497567,2.0,3.0,7.0,7.0,18.0,11.78633431766278,68.45,1
84.11844764574809,54.24432496183522,62.36654081751177,6.368847006834228,4.0,1.0,10.0,0.0,16.0,12.187481134629879,57.63,1
77.79913684734537,57.58304803497768,75.0298220713686,7.3224794413317476,2.0,3.0,4.0,3.0,19.0,2.6371500640551124,42.75,0
68.30349578174207,66.63712362830421,66.47101309308417,7.924391857046732,1.0,3.0,7.0,5.0,10.0,16.771437616725002,62.75,1
77.91134989347461,60.55818844605746,84.43807672794522,6.410877228091259,1.0,1.0,1.0,3.0,12.0,15.332325426616334,36.22,0
91.10447624789659,30.414003792484245,54.21751418586904,9.283254972191394,5.0,3.0,5.0,4.0,7.0,6.427754453541008,36.13,0
59.602270508834096,84.95820512235068,76.17507969315922,6.836352116802938,4.0,4.0,3.0,6.0,9.0,15.233629671858683,43.09,0
76.99454511220314,48.54513948520387,62.079540558249775,5.980360240989651,1.0,4.0,5.0,4.0,7.0,11.649006136700104,63.59,1
64.4981877759124,74.78493728222298,64.03717734337253,4.082648961345758,4.0,4.0,4.0,3.0,19.0,10.232079493032858,54.58,1
92.92569943387264,100.0,66.3762872667256,6.106010719525749,4.0,5.0,2.0,7.0,7.0,16.454778231374995,35.81,0
52.15219642824338,51.61230816827153,68.78360594640016,5.995419581883295,5.0,3.0,4.0,6.0,8.0,7.4385071346463505,58.06,1
66.61617229092617,19.394249545073407,63.256564353170624,7.940457194422206,4.0,1.0,3.0,5.0,6.0,6.388224721600748,47.91,0
80.65817812596781,64.27991556239779,68.22069774755789,7.193725436100281,2.0,1.0,1.0,0.0,13.0,11.037816601685027,21.19,0
98.4828604385151,92.01919269997143,88.67177086343277,4.730946317551075,4.0,5.0,10.0,6.0,1.0,12.641144072688153,68.82,1
74.01374608390519,100.0,79.78174528422828,6.7583815796165565,5.0,1.0,8.0,2.0,10.0,14.83157943346918,41.31,0
66.67200709960203,45.40900811095166,78.03731888745345,7.50729675759358,5.0,4.0,5.0,6.0,7.0,9.245235241266975,50.66,1
100.0,79.93398446473043,58.16690710964194,8.79204703908175,5.0,3.0,4.0,4.0,12.0,5.751144417046756,21.74,0
53.279791493756335,60.693790864398935,51.66138757657514,7.831255951121089,1.0,1.0,10.0,4.0,14.0,22.642838589824642,79.52,1
42.017910650698774,67.88103291391728,79.3295083735663,7.641269981467216,2.0,1.0,5.0,4.0,2.0,4.5670271948051875,54.5,1
81.60021675079999,100.0,78.14070188794692,6.590128991922746,1.0,2.0,4.0,5.0,13.0,10.275590616447644,45.54,0
67.46918663471084,39.94059343209693,87.09006013626473,7.082468008135175,3.0,2.0,3.0,6.0,14.0,13.89852762273806,50.32,1
59.681507743039305,75.07479322989147,55.94029061046156,8.374257351059239,2.0,2.0,5.0,7.0,1.0,15.755613075189176,57.51,1
85.6253467094903,79.35386343530867,61.55677016959479,4.500833903780525,4.0,3.0,4.0,7.0,18.0,7.16419910626141,58.7,1
78.65701070656799,91.71572649878695,40.407737562118484,5.975841009174566,5.0,4.0,1.0,6.0,11.0,0.625411527961484,35.58,0
66.53882053894907,71.95966306941791,59.11293340908691,5.341146876865639,3.0,4.0,3.0,7.0,19.0,7.048674132686646,60.13,1
55.79543401993658,76.16101079008205,79.94855765869171,7.068729678089186,2.0,4.0,10.0,1.0,3.0,14.306612551069424,63.24,1
88.08685992420217,62.16702865156418,58.002569311577034,8.345333263476181,1.0,3.0,10.0,5.0,2.0,13.18748240747619,69.93,1
84.75301766937991,75.38253882490214,74.60719692801236,5.60453856991839,5.0,3.0,8.0,0.0,4.0,13.350611794440375,44.12,0
73.51236204330925,63.136154490051794,62.14245341003283,3.0,1.0,2.0,7.0,0.0,2.0,13.558320430371868,72.5,1
100.0,82.43143779712102,69.86085542332341,5.881668882463295,2.0,1.0,2.0,0.0,14.0,16.70042116340254,23.05,0
58.94872850510771,62.60779327912732,47.78462915276499,7.87021059802611,2.0,5.0,1.0,0.0,18.0,6.120557773526043,26.68,0
52.117122436128916,77.54200787804373,66.27814174450852,7.30644485442482,3.0,5.0,3.0,0.0,1.0,4.0105100213619815,30.48,0
64.62137895178134,69.41474372630043,20.13296043648915,7.142279371715864,4.0,1.0,5.0,7.0,11.0,11.85240122631878,62.98,1
74.31620975466754,92.52100501544336,62.19655762757023,6.0800100471882805,1.0,2.0,10.0,3.0,4.0,4.757376552159052,72.01,1
78.65009173984038,68.97212552823028,40.5429013442729,4.58145389567032,3.0,1.0,1.0,4.0,16.0,3.6954232525749733,47.18,0
71.38145913215506,34.53935063586237,83.08991774820224,7.272941482436702,5.0,1.0,3.0,5.0,13.0,16.11979954953568,40.99,0
80.28083094771445,95.23843001427983,76.66111029146766,5.2485772849480625,4.0,5.0,3.0,3.0,9.0,11.251799085379066,34.66,0
56.22690863714334,51.88535398274762,72.00006472949121,9.776145100070684,3.0,2.0,5.0,5.0,2.0,10.142465745225431,44.49,0
96.65646906109889,56.924673227023604,87.8150934073907,7.3557608125317735,1.0,3.0,3.0,1.0,3.0,10.246369983826577,28.98,0
73.76773232411146,58.086774119130155,50.766252187627444,5.629027546169073,2.0,5.0,9.0,6.0,5.0,9.469304950876673,85.11,1
91.75943747382192,97.48876186341634,91.21044796873338,5.582922128917057,5.0,3.0,1.0,2.0,15.0,16.08620322663287,13.31,0
80.14088019566556,27.286515720426088,78.98287346390578,6.3605836900796175,1.0,2.0,4.0,4.0,6.0,2.426920474021081,58.57,1
81.85129828730676,100.0,61.45167069171581,6.1407471169673755,4.0,1.0,10.0,1.0,14.0,2.2198820939979065,53.29,1
83.54650920348305,91.12113618132103,82.03430220774416,8.175250663294932,4.0,4.0,10.0,3.0,19.0,5.3180924070604565,47.33,0
81.71562840025973,74.4647782825832,48.40559731382549,6.77962425461607,2.0,4.0,4.0,2.0,10.0,11.445808238699762,42.1,0
84.64084139801315,68.90211998767427,52.632287577084895,5.402552391637208,2.0,2.0,1.0,6.0,0.0,19.02671869939244,48.79,0
94.93728795198646,75.71108149715315,55.8711541514045,9.335661027733675,5.0,4.0,2.0,1.0,4.0,14.345419957526364,4.34,0
77.94781754552206,80.42244856758677,57.06533437903977,6.573962497280334,5.0,3.0,1.0,6.0,12.0,12.962213571120486,32.5,0
85.63505636382769,82.90431171900114,49.15163535859621,7.653259513953345,2.0,4.0,6.0,6.0,13.0,9.600665343577372,55.06,1
73.6539645856916,81.11208932006897,83.34624600642988,5.587660238832861,2.0,2.0,3.0,7.0,8.0,3.337350430020348,54.61,1
96.6017582317421,71.79161362510497,61.117183994452525,7.044673441616785,4.0,2.0,7.0,5.0,16.0,12.574949120435821,50.75,1
64.85411546911095,66.05323159385348,70.2875745253532,6.966664986714793,2.0,3.0,5.0,2.0,14.0,20.129835329175663,47.83,0
100.0,66.97453432692977,56.44472950379479,3.6655260618557706,3.0,4.0,9.0,5.0,6.0,8.799711722457356,79.7,1
74.39763074033485,66.10183439294639,37.69095049177224,9.52291266569096,1.0,4.0,7.0,6.0,11.0,7.1966331762303355,60.65,1
53.53837346822928,92.67540193734129,69.05086037587134,8.43596669138382,2.0,1.0,4.0,7.0,5.0,8.823784018048533,49.18,0
76.92156622366184,81.87113444561723,36.31617536870335,5.904207025781019,5.0,5.0,5.0,1.0,15.0,12.998755692462097,39.99,0
64.78422513787679,11.192227306714393,63.97048930871797,4.846595389316217,3.0,2.0,5.0,6.0,4.0,10.558650926259661,79.62,1
87.60965323483086,83.11801553059522,44.47527441750785,7.021342420705328,5.0,1.0,5.0,3.0,8.0,14.550070555573605,36.23,0
65.21064031046413,73.8947238943755,94.80913998846212,6.6300465491215945,3.0,2.0,10.0,6.0,13.0,9.832745628750875,73.38,1
68.3072485017783,69.62582487108205,78.67044083262083,7.033503422844844,2.0,1.0,9.0,5.0,7.0,8.794941851771096,69.84,1
46.65688903581703,62.229630938222286,66.5863068690722,6.7873660942911345,1.0,5.0,10.0,2.0,13.0,11.145029899771227,77.84,1
68.21540521126386,92.48225439972026,83.95560016482003,7.259361483958889,5.0,1.0,3.0,1.0,11.0,7.301739115846609,17.95,0
38.64181010056565,88.95052924245715,52.305260338013966,8.67095854908771,3.0,2.0,6.0,5.0,9.0,18.70382470722319,54.03,1
51.24145764771415,54.54244664352782,73.15219068005139,7.352154807692969,4.0,4.0,8.0,6.0,19.0,14.115571990583074,69.35,1
86.40621984216446,78.1410457424907,67.99715650578071,4.925516751635088,2.0,2.0,9.0,3.0,19.0,4.501507062971691,69.75,1
86.78700237976248,50.566865309174275,68.96030122000505,8.543844279068677,1.0,3.0,7.0,4.0,12.0,6.271204142329308,54.81,1
81.38186342677447,42.40763670422139,84.08530250160152,8.96092184523243,2.0,3.0,3.0,7.0,18.0,12.826685025830521,43.35,0
60.495357853061805,57.4656555082007,75.98738154169703,10.0,4.0,3.0,1.0,3.0,14.0,10.91658772998207,15.35,0
74.2843296578703,87.24786944765518,69.33085494237535,4.814758950140603,1.0,3.0,4.0,6.0,7.0,11.512558546740369,63.26,1
74.94596191364147,89.06250090752174,40.17668845657556,6.864323019725412,4.0,5.0,6.0,3.0,9.0,9.03936264691929,46.72,0
57.624529662111854,80.26170840194587,50.59930557080804,3.376851945216519,2.0,4.0,3.0,7.0,2.0,12.275865182627168,74.92,1
97.55097452650726,84.50191573695994,63.15936599606414,7.329723734568814,3.0,4.0,1.0,4.0,2.0,9.156970657481459,22.01,0
88.16043435863507,80.32356574229917,66.40058561414976,5.677699552749841,2.0,2.0,6.0,3.0,4.0,12.816897717047953,53.22,1
71.68553739255503,57.17036809554095,48.046944129891145,9.38516869223743,2.0,1.0,1.0,4.0,15.0,13.865141156254492,28.99,0
75.40328758491796,78.63845089347882,100.0,5.338077544972127,2.0,2.0,9.0,6.0,16.0,18.033701683190802,74.58,1
78.12574211921329,86.00819050455365,87.74591082880359,3.9662254430491073,5.0,2.0,1.0,4.0,5.0,7.426503785270199,33.79,0
44.37397697363564,85.08582659627149,74.03177480588725,5.793104388946221,4.0,2.0,6.0,5.0,19.0,9.944406840872297,61.56,1
71.29233926219105,93.77826742949286,66.08055291925618,3.536768343174294,4.0,2.0,1.0,5.0,19.0,3.905092945519165,45.43,0
64.77023628003302,84.16607694402127,61.81686545148273,7.626649181760965,4.0,4.0,7.0,4.0,15.0,19.131307085195466,50.22,1
59.975699851576266,77.02896415083165,50.72122309966647,3.4023754306155194,5.0,1.0,3.0,1.0,1.0,0.12256021398079397,47.61,0
70.78349560671067,91.40300476632855,66.16220777778294,6.542686371774738,3.0,2.0,6.0,2.0,19.0,18.414346942659044,44.99,0
100.0,69.4695748150188,68.86628810214125,3.383282270215705,2.0,4.0,7.0,1.0,14.0,10.467347911455706,61.6,1
84.61264291900514,52.36250697544564,46.37359136777563,6.019553293195037,3.0,2.0,1.0,4.0,17.0,12.092139652433232,40.89,0
66.43231515325805,66.73866072112472,70.01264625867346,8.965067233706801,5.0,3.0,1.0,2.0,0.0,9.171654531351743,12.05,0
83.58874172034238,55.10194710387102,62.67111426762877,7.040971837153693,4.0,2.0,5.0,5.0,18.0,10.15550329056646,49.12,0
